SPORT_CODE_SA	GENDER_SA	ETHNICITY_SA	DATATAB_FED_NUMERATOR	FED_NUM_2008_SA	FED_NUM_2007_SA	FED_NUM_2006_SA	FED_NUM_2005_SA	FED_NUM_2004_SA	FED_NUM_2003_SA	FED_NUM_2002_SA	FED_NUM_2001_SA	FED_NUM_2000_SA	FED_NUM_1999_SA	FED_NUM_1998_SA	FED_NUM_1997_SA	FED_NUM_1996_SA	FED_NUM_1995_SA	DATATAB_FED_DENOMINATOR	FED_DEN_2008_SA	FED_DEN_2007_SA	FED_DEN_2006_SA	FED_DEN_2005_SA	FED_DEN_2004_SA	FED_DEN_2003_SA	FED_DEN_2002_SA	FED_DEN_2001_SA	FED_DEN_2000_SA	FED_DEN_1999_SA	FED_DEN_1998_SA	FED_DEN_1997_SA	FED_DEN_1996_SA	FED_DEN_1995_SA	DATATAB_GSR_NUMBERATOR	GSR_NUM_2008_SA	GSR_NUM_2007_SA	GSR_NUM_2006_SA	GSR_NUM_2005_SA	GSR_NUM_2004_SA	GSR_NUM_2003_SA	GSR_NUM_2002_SA	GSR_NUM_2001_SA	GSR_NUM_2000_SA	GSR_NUM_1999_SA	GSR_NUM_1998_SA	GSR_NUM_1997_SA	GSR_NUM_1996_SA	GSR_NUM_1995_SA	DATATAB_GSR_DENOMINATOR	GSR_DEN_2008_SA	GSR_DEN_2007_SA	GSR_DEN_2006_SA	GSR_DEN_2005_SA	GSR_DEN_2004_SA	GSR_DEN_2003_SA	GSR_DEN_2002_SA	GSR_DEN_2001_SA	GSR_DEN_2000_SA	GSR_DEN_1999_SA	GSR_DEN_1998_SA	GSR_DEN_1997_SA	GSR_DEN_1996_SA	GSR_DEN_1995_SA
MBA	M	aa	 	40	50	42	53	27	42	37	43	29	36	39	28	44	31	 	93	120	92	127	84	102	94	108	89	95	97	88	91	87.03	 	58	65	61	78	57	64	56	68	44	51	58	41	62	52	 	82	112	100	126	92	114	99	120	93	116	115	114	113	111.03
MBA	M	other	 	105	77	87	86	60	67	63	81	81	65	42	52	46	41	 	208	176	198	191	150	183	162	187	182	154	132	132	123	102	 	190	174	167	187	151	140	139	156	154	132	96	107	103	66	 	234	237	234	251	200	224	222	242	238	227	193	189	177	127
MBA	M	wh	 	661	834	743	756	755	703	686	653	585	600	599	578	590	601	 	1351	1569	1511	1473	1509	1466	1366	1281	1273	1250	1273	1257	1199	1169	 	1111	1245	1208	1214	1285	1148	1114	1076	991	1012	1017	963	963	947	 	1386	1542	1558	1577	1641	1612	1544	1455	1430	1451	1500	1438	1401	1387
MBB	M	aa	 	246	284	244	236	228	202	206	198	223	205	185	200	177	176	 	594	654	593	547	556	472	464	453	516	492	486	466	435	494	 	456	482	457	427	411	408	350	347	358	345	295	340	308	304	 	635	725	675	633	669	675	608	605	647	649	590	641	641	667
MBB	M	other	 	60	57	71	65	51	62	61	53	51	59	46	37	44	27	 	118	120	130	134	112	119	111	113	113	110	106	84	112	62	 	118	111	121	127	93	113	97	89	94	84	81	67	73	53	 	154	130	152	158	128	158	136	127	136	135	121	111	112	85
MBB	M	wh	 	140	141	137	137	131	123	137	142	129	143	145	135	143	159	 	245	240	250	237	231	231	218	235	248	272	271	285	275	287	 	202	199	202	229	198	199	192	205	210	225	224	208	236	236	 	224	220	241	261	236	243	230	250	258	296	297	281	298	310
MFB	M	aa	 	1142	1129	1033	1022	1008	957	907	928	893	806	798	808	767	827	 	2073	2076	1975	1974	1952	1984	1822	1890	1751	1645	1644	1653	1602	1844	 	1572	1524	1427	1355	1330	1315	1153	1153	1159	1089	1021	1010	1002	1032	 	2322	2379	2351	2276	2181	2264	2014	2028	1975	1934	1873	1854	1843	2005
MFB	M	other	 	177	143	158	150	131	141	107	128	131	125	114	100	99	90	 	299	239	269	255	236	275	236	263	265	230	229	233	200	186	 	368	290	310	268	267	209	176	192	253	219	189	169	182	152	 	464	388	419	377	384	322	306	348	396	350	299	302	294	281
MFB	M	wh	 	858	902	875	914	868	856	884	832	851	836	877	990	881	905	 	1224	1313	1278	1351	1323	1343	1375	1341	1397	1373	1425	1515	1436	1433	 	1385	1470	1376	1505	1471	1339	1275	1196	1227	1500	1380	1456	1395	1427	 	1638	1722	1666	1851	1795	1727	1641	1565	1641	1976	1792	1849	1861	1887
MFE	M	aa	 	-99	-99	-99	-99	-99	-99	-99	-99	-99	-99	-99	-99	2	-99	 	-99	-99	-99	-99	-99	-99	-99	-99	-99	-99	-99	-99	4	-99	 	-99	-99	4	-99	-99	-99	-99	-99	-99	-99	-99	-99	3	-99	 	-99	-99	4	-99	-99	-99	-99	-99	-99	-99	-99	-99	5	-99
MFE	M	other	 	3	-99	2	-99	4	-99	-99	6	-99	-99	5	3	-99	-99	 	5	-99	4	-99	5	-99	-99	6	-99	-99	6	6	-99	-99	 	16	11	15	11	21	4	3	7	-99	4	8	4	-99	-99	 	17	12	15	13	23	4	4	7	-99	4	8	5	-99	-99
MFE	M	wh	 	4	8	3	8	4	7	6	5	3	-99	3	3	2	-99	 	5	14	8	10	7	7	10	6	6	-99	4	4	4	-99	 	18	23	17	32	21	10	11	8	8	10	10	8	9	-99	 	20	26	22	35	24	10	15	11	10	12	12	9	10	-99
MGO	M	aa	 	9	6	2	7	10	6	4	9	9	10	3	7	2	5	 	18	13	8	18	16	9	11	25	18	18	9	15	7	9	 	9	7	3	5	9	10	3	9	9	11	5	11	3	6	 	13	12	6	13	10	10	11	18	17	18	11	16	7	10
MGO	M	other	 	65	75	68	61	59	69	69	63	49	59	53	33	35	41	 	110	110	104	106	102	104	114	96	89	97	84	62	65	69	 	94	110	86	95	83	92	86	77	80	79	67	60	48	58	 	119	127	108	116	107	114	118	102	101	102	87	80	71	79
MGO	M	wh	 	301	297	261	301	266	285	272	258	225	258	236	236	234	212	 	425	431	385	439	395	411	394	418	380	396	397	401	355	347	 	379	382	346	396	358	366	344	338	316	321	322	325	335	315	 	430	437	409	474	424	423	415	413	384	401	411	420	423	404
MGY	M	aa	 	-99	-99	4	-99	-99	-99	3	-99	-99	-99	-99	-99	-99	-99	 	-99	-99	4	-99	-99	-99	4	-99	-99	-99	-99	-99	-99	-99	 	-99	-99	4	-99	-99	-99	3	-99	2	-99	-99	-99	-99	-99	 	-99	-99	4	-99	-99	-99	4	-99	4	-99	-99	-99	-99	-99
MGY	M	other	 	4	7	3	6	5	4	-99	5	-99	1	9	5	6	-99	 	4	7	4	7	5	5	-99	6	-99	5	10	7	8	-99	 	6	10	7	7	10	5	-99	10	10	4	9	8	9	-99	 	6	10	8	8	11	6	-99	12	11	7	9	10	10	-99
MGY	M	wh	 	15	12	22	29	22	17	16	11	17	19	22	23	21	21	 	20	16	25	33	26	19	19	15	22	25	29	28	31	38	 	22	20	27	36	35	29	30	22	26	29	35	30	31	39	 	25	24	29	40	38	32	35	25	28	33	38	31	40	52
MIH	M	aa	 	-99	-99	-99	-99	-99	-99	-99	-99	-99	-99	-99	-99	-99	-99	 	-99	-99	-99	-99	-99	-99	-99	-99	-99	-99	-99	-99	-99	-99	 	-99	-99	-99	-99	-99	-99	-99	-99	-99	-99	-99	-99	-99	-99	 	-99	-99	-99	-99	-99	-99	-99	-99	-99	-99	-99	-99	-99	-99
MIH	M	other	 	25	38	33	28	29	32	32	37	28	40	28	34	31	26	 	45	59	50	43	44	46	53	55	52	52	41	54	43	41	 	51	64	65	44	48	35	35	40	33	44	28	36	35	29	 	55	70	72	53	55	43	40	46	46	48	34	45	40	42
MIH	M	wh	 	61	62	47	57	64	47	38	43	40	51	39	56	44	39	 	93	84	71	96	94	78	68	82	55	70	69	73	69	68	 	102	111	80	102	116	78	59	68	62	88	72	89	74	70	 	118	120	96	124	130	98	80	89	75	100	88	106	94	87
MLA	M	aa	 	-99	5	5	2	4	5	3	2	-99	-99	-99	-99	4	2	 	-99	6	5	6	6	6	4	5	-99	-99	-99	-99	5	4	 	6	7	6	4	6	5	5	5	-99	-99	5	4	5	6	 	7	9	6	7	7	6	7	8	-99	-99	5	5	7	6
MLA	M	other	 	18	18	15	15	14	17	9	14	12	5	10	9	8	1	 	27	21	20	18	22	25	23	21	20	10	13	12	12	4	 	37	44	37	38	32	22	15	24	29	14	12	16	12	8	 	43	46	40	40	34	27	26	26	33	19	15	20	14	10
MLA	M	wh	 	233	214	211	215	177	179	164	144	131	136	103	108	96	104	 	319	287	315	296	235	245	232	181	179	179	138	135	125	134	 	318	310	329	345	281	246	230	217	233	229	215	197	202	190	 	357	342	381	398	318	279	270	237	258	257	253	218	217	209
MRI	M	aa	 	-99	-99	-99	-99	-99	-99	-99	-99	-99	-99	-99	-99	-99	-99	 	-99	-99	-99	-99	-99	-99	-99	-99	-99	-99	-99	-99	-99	-99	 	-99	-99	-99	-99	-99	-99	-99	-99	-99	-99	-99	-99	-99	-99	 	-99	-99	-99	-99	-99	-99	-99	-99	-99	-99	-99	-99	-99	-99
MRI	M	other	 	-99	-99	-99	-99	-99	-99	-99	-99	-99	-99	-99	-99	-99	-99	 	-99	-99	-99	-99	-99	-99	-99	-99	-99	-99	-99	-99	-99	-99	 	-99	-99	-99	-99	-99	-99	-99	-99	-99	4	-99	-99	-99	-99	 	-99	-99	-99	-99	-99	-99	-99	-99	-99	5	-99	-99	-99	-99
MRI	M	wh	 	-99	-99	-99	-99	-99	-99	-99	-99	2	12	15	11	12	12	 	-99	-99	-99	-99	-99	-99	-99	-99	4	17	22	18	24	18	 	-99	-99	-99	-99	-99	-99	-99	-99	2	17	19	14	18	13	 	-99	-99	-99	-99	-99	-99	-99	-99	4	20	25	21	27	16
MSK	M	aa	 	-99	-99	-99	-99	-99	-99	-99	-99	-99	-99	-99	-99	-99	-99	 	-99	-99	-99	-99	-99	-99	-99	-99	-99	-99	-99	-99	-99	-99	 	-99	-99	-99	-99	-99	-99	-99	-99	-99	-99	-99	-99	-99	-99	 	-99	-99	-99	-99	-99	-99	-99	-99	-99	-99	-99	-99	-99	-99
MSK	M	other	 	6	4	-99	8	2	-99	4	-99	-99	4	3	-99	4	4	 	11	6	-99	10	6	-99	5	-99	-99	6	5	-99	4	6	 	8	5	8	12	5	6	9	-99	3	8	5	4	7	9	 	10	6	9	13	5	6	11	-99	4	9	9	4	7	11
MSK	M	wh	 	4	-99	7	4	7	7	5	8	4	7	6	7	3	4	 	9	-99	10	6	9	11	5	12	5	8	8	8	6	7	 	11	7	12	11	14	12	8	10	7	10	7	11	6	5	 	12	9	15	13	16	16	9	10	9	10	9	11	6	6
MSO	M	aa	 	45	47	42	33	36	33	36	28	20	17	40	25	13	16	 	88	74	79	64	58	61	71	62	46	36	58	49	31	35	 	59	65	58	50	55	48	46	36	31	23	44	41	22	23	 	82	88	80	75	68	67	72	56	53	42	55	62	39	39
MSO	M	other	 	122	127	143	134	124	125	119	111	114	107	99	82	80	76	 	232	242	236	257	223	219	226	199	207	190	186	167	161	158	 	212	207	227	228	212	184	168	189	179	164	165	128	130	115	 	260	265	281	281	273	243	233	235	244	214	225	175	178	160
MSO	M	wh	 	301	325	311	314	351	334	345	280	290	305	299	291	305	297	 	500	542	492	513	565	538	575	483	497	506	475	489	527	505	 	398	416	411	422	455	440	422	362	383	399	400	382	406	409	 	450	502	474	518	533	549	531	441	494	491	477	496	503	535
MSW	M	aa	 	6	3	1	4	9	3	5	2	4	3	6	6	11	6	 	8	5	8	7	13	11	10	9	11	5	10	7	20	9	 	9	10	4	7	9	3	7	4	5	5	8	8	12	7	 	10	12	7	9	12	10	13	9	10	7	9	9	20	10
MSW	M	other	 	67	71	78	58	74	40	54	59	50	58	52	61	41	32	 	93	91	105	84	103	64	95	85	69	78	78	83	66	47	 	127	117	115	111	114	63	76	80	78	78	83	92	62	52	 	147	129	137	132	121	79	96	93	95	90	102	114	77	63
MSW	M	wh	 	337	340	294	257	277	287	279	267	278	273	250	265	277	284	 	454	480	390	382	378	382	381	364	396	392	388	390	402	432	 	437	465	406	370	388	346	326	328	390	359	330	341	347	352	 	505	538	475	443	457	403	390	378	453	440	408	416	418	436
MTE	M	aa	 	9	11	4	10	11	4	15	10	5	11	16	13	13	13	 	18	21	13	16	20	16	26	18	19	15	27	25	24	28	 	13	19	7	9	14	11	13	7	10	12	21	15	16	20	 	17	25	11	15	22	19	21	11	22	19	28	26	28	30
MTE	M	other	 	113	119	96	77	103	93	100	91	72	96	95	79	82	90	 	169	171	153	128	147	148	153	144	112	147	153	132	134	134	 	245	240	211	180	226	204	223	186	166	171	188	159	164	171	 	264	272	248	215	253	244	256	219	199	200	218	190	198	197
MTE	M	wh	 	120	124	102	112	100	107	114	120	100	112	135	125	126	147	 	166	182	162	168	163	160	157	185	156	175	206	204	184	221	 	177	191	160	183	170	153	155	178	146	170	182	183	196	205	 	196	223	192	204	189	186	173	207	165	212	222	216	233	240
MTR	M	aa	 	214	214	155	179	190	152	158	139	144	157	149	133	148	152	 	365	375	336	337	350	308	310	286	285	286	260	254	274	298	 	295	291	217	262	262	218	216	226	206	220	217	197	208	192	 	417	427	370	402	395	357	360	373	356	328	326	306	316	326
MTR	M	other	 	143	122	85	112	90	95	97	89	74	82	73	92	78	75	 	200	182	143	170	167	168	167	153	151	149	131	157	143	139	 	247	238	190	193	180	168	178	189	172	153	138	148	147	120	 	291	280	243	239	238	227	230	237	245	216	205	218	192	178
MTR	M	wh	 	630	602	508	481	536	479	453	439	448	443	377	388	401	409	 	854	864	785	705	795	711	728	672	674	683	616	618	653	639	 	808	798	719	694	750	625	630	615	664	630	553	504	524	545	 	936	944	892	835	908	776	788	738	813	781	705	650	680	683
MVB	M	aa	 	-99	-99	-99	-99	-99	-99	-99	-99	-99	-99	-99	-99	-99	-99	 	-99	-99	-99	-99	-99	-99	-99	-99	-99	-99	-99	-99	-99	-99	 	-99	-99	-99	-99	-99	-99	-99	-99	-99	-99	-99	-99	-99	-99	 	-99	-99	-99	-99	-99	-99	-99	-99	-99	-99	-99	-99	-99	-99
MVB	M	other	 	8	7	8	9	2	4	4	7	13	3	4	10	5	8	 	10	12	10	11	6	6	11	12	17	5	6	15	9	12	 	10	9	12	18	5	11	7	10	15	5	7	12	8	9	 	12	12	12	22	7	13	15	17	17	7	8	16	10	13
MVB	M	wh	 	39	38	36	28	31	29	23	25	25	29	24	17	18	22	 	50	47	49	44	40	47	35	35	40	44	33	34	32	44	 	39	35	40	31	34	32	26	28	31	35	28	21	27	34	 	43	39	45	40	38	46	36	32	42	41	34	37	38	46
MWP	M	aa	 	-99	-99	-99	-99	-99	-99	-99	-99	-99	-99	-99	-99	-99	-99	 	-99	-99	-99	-99	-99	-99	-99	-99	-99	-99	-99	-99	-99	-99	 	-99	-99	-99	-99	-99	-99	-99	-99	-99	-99	-99	-99	-99	-99	 	-99	-99	-99	-99	-99	-99	-99	-99	-99	-99	-99	-99	-99	-99
MWP	M	other	 	4	7	5	4	4	3	4	5	8	4	-99	3	4	-99	 	7	8	6	4	5	9	5	6	12	5	-99	5	8	-99	 	10	23	14	15	11	6	7	16	15	9	6	4	9	6	 	12	24	15	17	13	11	7	17	18	11	6	5	11	6
MWP	M	wh	 	21	20	17	25	19	21	20	14	12	11	15	14	17	15	 	29	27	20	29	26	29	29	16	18	17	24	17	21	17	 	51	42	47	45	49	36	35	39	37	19	33	37	34	24	 	59	49	50	57	56	44	44	43	42	24	39	43	38	26
MWR	M	aa	 	9	15	11	8	6	14	7	6	6	11	4	12	16	16	 	19	26	20	19	15	22	16	22	18	26	19	29	25	40	 	11	17	14	11	8	15	12	8	14	17	14	16	23	24	 	16	23	18	15	17	22	18	25	23	33	28	35	32	49
MWR	M	other	 	33	28	27	18	21	26	16	20	14	14	19	8	13	9	 	66	59	49	42	40	47	30	50	34	33	41	23	29	33	 	49	43	36	38	28	27	17	35	32	22	35	11	23	9	 	61	62	44	54	40	38	24	50	58	36	48	25	34	25
MWR	M	wh	 	168	161	167	157	149	179	148	141	136	155	151	123	118	112	 	283	292	305	270	272	294	256	257	233	277	259	238	213	243	 	217	224	214	213	212	201	222	197	214	239	220	185	183	175	 	280	291	284	286	280	268	302	266	269	324	307	275	254	268
WBB	W	aa	 	361	315	317	350	305	295	279	279	273	262	224	224	204	223	 	625	575	557	550	501	479	449	447	455	412	395	371	335	371	 	509	441	448	474	431	414	379	371	368	337	310	291	276	281	 	609	558	576	590	543	523	501	486	491	455	434	418	376	399
WBB	W	other	 	81	73	69	65	76	83	65	79	73	63	59	69	66	48	 	135	108	115	96	132	120	116	123	125	107	95	109	100	81	 	135	125	124	109	121	143	118	138	111	108	100	103	100	69	 	143	139	143	123	142	161	137	157	140	128	122	124	120	90
WBB	W	wh	 	280	317	331	331	319	331	344	348	348	350	381	404	395	411	 	409	457	459	502	483	512	509	517	507	532	557	590	564	609	 	344	405	412	431	406	405	447	434	435	442	495	497	497	498	 	363	423	445	485	439	447	504	475	495	500	555	574	547	571
WBW	W	aa	 	9	14	6	8	7	10	8	13	6	-99	4	10	-99	-99	 	12	21	13	14	16	19	12	19	13	-99	9	10	-99	-99	 	10	14	6	9	10	14	11	9	8	-99	4	10	-99	-99	 	11	18	11	17	14	18	11	12	12	-99	8	11	-99	-99
WBW	W	other	 	5	1	-99	-99	-99	-99	-99	-99	-99	-99	-99	-99	-99	-99	 	5	4	-99	-99	-99	-99	-99	-99	-99	-99	-99	-99	-99	-99	 	10	-99	4	-99	-99	-99	-99	-99	-99	-99	-99	-99	-99	-99	 	10	-99	5	-99	-99	-99	-99	-99	-99	-99	-99	-99	-99	-99
WBW	W	wh	 	13	21	9	12	13	4	4	3	5	5	2	-99	-99	-99	 	22	28	17	20	17	12	11	6	8	8	6	-99	-99	-99	 	19	22	12	15	16	8	6	8	7	5	2	-99	-99	-99	 	22	25	19	22	19	13	10	10	9	7	5	-99	-99	-99
WCR	W	aa	 	4	5	5	3	5	-99	-99	2	-99	-99	-99	-99	5	-99	 	5	7	5	4	5	-99	-99	4	-99	-99	-99	-99	5	-99	 	5	8	6	5	7	-99	3	5	3	-99	-99	-99	5	-99	 	5	9	6	5	7	-99	4	7	4	-99	-99	-99	5	-99
WCR	W	other	 	45	61	61	49	66	61	49	35	30	42	21	11	6	11	 	67	70	79	62	85	79	61	44	44	61	31	18	6	12	 	68	89	92	82	91	70	62	54	46	54	32	19	11	16	 	76	95	97	86	101	75	68	57	49	62	35	22	13	17
WCR	W	wh	 	309	265	222	245	238	219	242	193	165	122	95	60	67	26	 	365	315	278	292	290	260	302	238	227	158	128	78	79	32	 	366	345	304	341	298	291	294	260	244	168	115	83	88	43	 	383	369	327	359	323	318	317	284	266	188	129	93	98	49
WFE	W	aa	 	-99	-99	-99	-99	-99	-99	-99	-99	-99	-99	-99	-99	-99	-99	 	-99	-99	-99	-99	-99	-99	-99	-99	-99	-99	-99	-99	-99	-99	 	-99	-99	-99	-99	-99	-99	-99	-99	-99	-99	-99	-99	-99	-99	 	-99	-99	-99	-99	-99	-99	-99	-99	-99	-99	-99	-99	-99	-99
WFE	W	other	 	-99	-99	7	2	6	-99	-99	5	3	4	-99	-99	-99	2	 	-99	-99	7	5	6	-99	-99	5	4	5	-99	-99	-99	4	 	19	16	22	8	24	4	6	6	7	7	4	4	-99	3	 	21	17	22	9	24	4	6	6	7	8	4	4	-99	4
WFE	W	wh	 	10	8	19	10	5	12	11	10	12	5	9	8	-99	4	 	13	13	22	12	8	15	11	15	13	6	11	10	-99	5	 	23	19	34	32	23	14	12	11	18	9	13	12	10	8	 	26	21	36	33	25	17	12	13	20	10	14	12	11	9
WFH	W	aa	 	-99	-99	-99	-99	3	2	-99	2	-99	2	-99	-99	-99	5	 	-99	-99	-99	-99	5	4	-99	4	-99	4	-99	-99	-99	5	 	-99	4	-99	-99	4	-99	-99	-99	-99	2	-99	-99	-99	5	 	-99	4	-99	-99	4	-99	-99	-99	-99	4	-99	-99	-99	5
WFH	W	other	 	39	41	36	35	18	29	26	26	20	28	23	14	18	21	 	51	55	50	52	34	37	36	40	36	39	37	22	23	29	 	61	52	52	60	22	33	32	29	26	34	25	18	21	22	 	65	54	56	65	28	34	40	33	34	39	29	26	24	24
WFH	W	wh	 	235	234	213	205	242	204	205	198	199	205	176	181	183	169	 	272	276	267	269	288	251	238	241	234	233	211	222	222	203	 	263	266	249	233	271	209	211	203	201	213	193	190	202	182	 	270	271	272	247	282	224	220	215	210	224	199	201	214	196
WGO	W	aa	 	18	13	9	12	6	6	8	9	12	11	7	4	4	5	 	19	20	9	21	7	11	10	17	17	15	9	7	4	6	 	24	15	10	11	7	10	8	8	13	12	7	5	6	8	 	24	18	10	16	8	13	9	13	16	15	9	6	6	9
WGO	W	other	 	92	80	89	78	78	79	65	64	50	58	47	35	40	35	 	131	115	130	108	106	115	95	102	78	80	72	66	57	43	 	126	100	119	103	100	96	89	83	62	71	55	47	55	43	 	138	114	137	111	115	110	98	101	69	82	73	65	60	46
WGO	W	wh	 	216	228	228	222	219	220	199	185	182	206	165	162	146	153	 	294	304	286	288	303	297	265	241	255	280	239	234	212	242	 	255	268	269	274	259	254	237	221	222	242	196	188	169	177	 	272	289	288	292	292	275	269	246	251	269	217	213	188	203
WGY	W	aa	 	8	11	11	13	12	6	10	5	5	5	6	4	3	6	 	10	11	17	14	13	7	13	5	7	6	6	5	5	9	 	8	12	12	15	12	6	11	5	5	5	7	4	3	6	 	9	12	14	16	13	7	12	5	7	5	7	4	5	6
WGY	W	other	 	32	22	31	29	20	30	26	17	22	18	22	19	23	16	 	36	28	34	36	29	39	30	25	28	24	24	23	26	17	 	43	35	35	42	26	29	26	21	25	19	23	20	28	17	 	43	37	38	44	27	33	28	24	26	21	24	22	30	18
WGY	W	wh	 	97	113	115	103	106	103	114	106	116	138	125	113	119	112	 	108	126	137	114	127	129	138	131	134	157	140	138	135	133	 	112	121	130	124	120	104	111	112	125	147	139	121	128	125	 	113	128	135	128	132	111	121	120	131	152	143	137	137	135
WIH	W	aa	 	-99	-99	-99	-99	-99	-99	-99	-99	-99	-99	-99	-99	-99	-99	 	-99	-99	-99	-99	-99	-99	-99	-99	-99	-99	-99	-99	-99	-99	 	-99	-99	-99	-99	-99	-99	-99	-99	-99	-99	-99	-99	-99	-99	 	-99	-99	-99	-99	-99	-99	-99	-99	-99	-99	-99	-99	-99	-99
WIH	W	other	 	34	25	26	32	15	35	21	21	22	10	4	-99	-99	-99	 	40	36	33	42	30	40	30	27	24	11	8	-99	-99	-99	 	55	41	45	50	30	30	22	21	25	12	5	4	-99	-99	 	55	43	49	54	33	33	25	23	26	13	7	4	-99	-99
WIH	W	wh	 	46	40	41	39	29	25	21	27	24	30	27	11	12	11	 	52	51	51	45	35	33	29	38	32	43	40	17	15	15	 	61	67	64	64	45	30	31	33	35	38	29	13	13	11	 	62	70	66	65	47	35	42	39	36	43	34	16	13	13
WLA	W	aa	 	5	3	3	3	5	7	4	7	-99	4	-99	5	-99	3	 	8	7	5	5	9	11	6	9	-99	6	-99	7	-99	4	 	8	5	4	4	6	7	4	9	-99	4	-99	5	-99	-99	 	9	7	5	5	9	8	6	10	-99	6	-99	7	-99	-99
WLA	W	other	 	36	23	23	30	18	16	18	18	16	16	5	12	11	7	 	41	28	29	38	23	22	21	24	20	19	10	19	15	13	 	53	40	38	46	34	17	18	18	18	22	7	15	14	9	 	56	44	40	47	34	21	20	19	19	25	9	17	17	11
WLA	W	wh	 	325	330	296	300	286	251	256	223	208	177	170	164	96	98	 	405	405	377	367	357	301	309	254	252	208	200	191	123	114	 	405	387	368	353	339	276	277	237	222	191	190	195	104	112	 	419	408	387	366	358	291	296	246	234	203	203	202	110	118
WRI	M	wh	 	-99	-99	-99	-99	-99	-99	-99	-99	-99	-99	-99	-99	-99	-99	 	-99	-99	-99	-99	-99	-99	-99	-99	-99	-99	-99	-99	-99	-99	 	-99	-99	-99	-99	-99	-99	-99	-99	-99	-99	-99	-99	-99	-99	 	-99	-99	-99	-99	-99	-99	-99	-99	-99	-99	-99	-99	-99	-99
WRI	W	aa	 	-99	-99	-99	-99	-99	-99	-99	-99	-99	-99	-99	-99	-99	-99	 	-99	-99	-99	-99	-99	-99	-99	-99	-99	-99	-99	-99	-99	-99	 	-99	-99	-99	-99	-99	-99	-99	-99	-99	-99	-99	-99	-99	-99	 	-99	-99	-99	-99	-99	-99	-99	-99	-99	-99	-99	-99	-99	-99
WRI	W	other	 	-99	-99	-99	-99	-99	-99	-99	-99	-99	-99	1	-99	-99	-99	 	-99	-99	-99	-99	-99	-99	-99	-99	-99	-99	4	-99	-99	-99	 	-99	-99	-99	-99	-99	-99	-99	-99	-99	-99	-99	-99	-99	-99	 	-99	-99	-99	-99	-99	-99	-99	-99	-99	-99	-99	-99	-99	-99
WRI	W	wh	 	-99	-99	-99	-99	-99	-99	-99	-99	4	8	8	7	5	4	 	-99	-99	-99	-99	-99	-99	-99	-99	6	11	15	10	6	7	 	-99	-99	-99	-99	-99	-99	-99	-99	4	8	9	10	6	5	 	-99	-99	-99	-99	-99	-99	-99	-99	6	10	13	13	7	6
WSB	W	aa	 	67	64	49	35	58	61	61	54	38	44	55	49	23	25	 	111	94	83	66	81	92	93	80	66	61	75	73	42	42	 	85	76	61	52	73	72	67	66	48	58	62	56	27	33	 	105	101	87	72	89	93	86	85	73	74	79	75	39	54
WSB	W	other	 	156	107	114	117	96	97	91	91	73	70	69	49	45	47	 	219	162	172	168	154	138	122	139	115	112	103	79	80	72	 	212	145	165	168	131	125	115	122	103	91	96	73	66	65	 	239	163	196	192	162	157	135	151	126	114	119	94	86	87
WSB	W	wh	 	689	663	676	595	628	658	581	560	543	532	513	560	460	446	 	933	949	919	880	886	922	844	803	765	752	716	788	645	643	 	833	832	826	762	782	777	718	683	653	651	635	667	571	526	 	898	924	939	876	882	889	834	772	736	742	735	772	661	617
WSK	W	aa	 	-99	-99	-99	-99	-99	-99	-99	-99	-99	-99	-99	-99	-99	-99	 	-99	-99	-99	-99	-99	-99	-99	-99	-99	-99	-99	-99	-99	-99	 	-99	-99	-99	-99	-99	-99	-99	-99	-99	-99	-99	-99	-99	-99	 	-99	-99	-99	-99	-99	-99	-99	-99	-99	-99	-99	-99	-99	-99
WSK	W	other	 	1	4	7	6	6	3	3	0	5	2	3	3	-99	4	 	5	5	9	7	7	5	4	5	7	4	5	4	-99	7	 	9	6	9	9	10	4	5	7	9	5	9	6	-99	7	 	12	7	10	9	12	5	6	7	9	5	10	8	-99	7
WSK	W	wh	 	7	11	4	7	9	4	10	11	7	10	8	11	9	7	 	8	13	7	10	13	10	13	14	7	10	11	14	12	10	 	18	26	13	12	14	11	14	12	8	13	13	13	13	10	 	18	26	14	14	14	11	14	13	8	13	14	13	13	10
WSO	W	aa	 	74	68	72	59	72	53	51	36	37	37	25	22	16	13	 	114	97	103	83	104	76	68	48	48	41	34	31	22	16	 	87	74	89	66	81	60	57	37	38	42	29	24	18	14	 	101	88	105	85	98	75	69	43	44	45	39	28	23	17
WSO	W	other	 	244	192	178	163	173	153	124	126	143	115	84	107	86	67	 	353	286	246	268	233	223	190	200	223	177	138	158	126	110	 	305	250	228	211	223	184	149	157	175	143	103	136	108	92	 	346	282	258	258	251	213	180	191	215	168	130	161	126	119
WSO	W	wh	 	1093	1063	1025	943	934	912	889	857	860	812	701	691	628	549	 	1446	1424	1386	1273	1281	1274	1240	1196	1164	1127	996	971	907	768	 	1248	1184	1175	1103	1081	1023	1055	984	962	932	799	793	744	659	 	1321	1286	1310	1214	1173	1146	1182	1095	1053	1037	905	890	855	754
WSW	W	aa	 	8	3	6	8	4	7	11	12	9	9	5	3	10	5	 	8	7	11	13	11	15	15	17	10	12	7	5	14	8	 	11	4	7	9	5	10	12	12	12	10	5	4	12	5	 	11	7	10	12	9	15	17	14	13	14	6	6	16	8
WSW	W	other	 	133	105	113	124	87	93	88	84	75	86	77	56	56	58	 	157	144	140	150	112	118	116	124	102	117	106	75	83	74	 	181	156	153	174	131	111	117	101	109	110	103	78	79	76	 	196	170	169	187	145	126	126	123	119	120	114	87	96	85
WSW	W	wh	 	648	632	623	571	572	596	511	494	526	461	495	447	428	449	 	808	808	776	707	743	749	673	652	677	625	673	585	558	583	 	763	741	755	690	705	670	586	579	640	582	561	517	503	531	 	806	789	817	748	765	731	636	630	703	643	620	567	540	581
WTE	W	aa	 	22	24	22	22	13	18	15	14	15	21	17	13	17	21	 	32	29	31	31	19	25	28	22	21	27	20	21	26	32	 	31	27	31	27	22	24	19	16	20	24	19	15	21	25	 	36	31	38	34	27	29	30	21	24	30	24	21	28	32
WTE	W	other	 	155	165	138	156	156	114	116	107	116	120	115	87	71	90	 	237	224	201	212	219	177	177	170	181	186	158	141	126	145	 	263	285	221	268	254	215	206	190	197	189	189	161	136	139	 	279	299	251	287	281	240	233	211	225	220	214	187	160	169
WTE	W	wh	 	155	174	171	186	170	200	169	174	177	180	188	200	203	191	 	200	227	237	240	232	260	220	245	246	244	271	274	258	268	 	215	247	236	238	241	250	214	232	226	249	236	253	256	242	 	226	257	258	252	262	269	236	262	249	272	262	281	279	273
WTR	W	aa	 	395	439	377	364	387	350	314	311	329	313	295	272	244	237	 	591	658	595	557	586	559	511	467	529	487	455	438	395	393	 	493	543	467	460	496	433	391	378	379	384	353	331	297	290	 	614	666	619	610	631	580	514	483	500	518	487	457	401	401
WTR	W	other	 	173	130	142	125	138	121	131	111	125	117	119	107	123	66	 	243	202	211	192	195	195	193	169	192	193	181	175	177	115	 	289	258	242	237	234	194	207	181	197	167	165	160	172	115	 	324	308	278	282	274	236	249	215	238	195	192	212	211	152
WTR	W	wh	 	886	794	799	773	697	733	712	719	616	617	564	584	610	503	 	1118	1049	1067	1026	928	975	938	958	840	843	784	844	845	713	 	1063	977	953	956	886	860	871	854	762	739	683	733	760	627	 	1142	1074	1052	1052	981	959	965	954	840	836	766	822	872	702
WVB	W	aa	 	69	80	82	81	81	85	59	59	60	54	50	63	45	45	 	112	124	120	121	114	131	94	89	87	92	78	86	59	85	 	100	103	110	108	99	106	75	72	77	67	59	73	59	52	 	118	126	131	131	118	139	103	91	101	93	83	83	71	83
WVB	W	other	 	70	78	87	69	74	86	81	66	57	64	66	51	50	33	 	120	122	125	93	111	131	128	113	102	112	102	85	74	57	 	142	124	143	126	141	130	123	114	89	92	86	75	70	50	 	161	137	164	137	151	156	143	131	110	113	97	97	88	66
WVB	W	wh	 	478	524	472	475	485	493	444	495	490	487	470	441	446	436	 	656	717	671	658	680	704	629	685	658	664	628	627	649	645	 	594	638	584	583	588	585	542	586	566	571	538	520	533	503	 	628	678	639	640	646	647	598	652	621	626	601	587	605	579
WWP	W	aa	 	-99	-99	-99	-99	-99	-99	-99	-99	-99	4	-99	-99	-99	-99	 	-99	-99	-99	-99	-99	-99	-99	-99	-99	4	-99	-99	-99	-99	 	-99	-99	-99	-99	-99	-99	-99	-99	-99	4	-99	-99	-99	-99	 	-99	-99	-99	-99	-99	-99	-99	-99	-99	4	-99	-99	-99	-99
WWP	W	other	 	15	24	13	21	14	5	16	7	8	7	5	3	3	-99	 	23	29	17	26	21	9	19	11	9	10	7	5	4	-99	 	30	35	25	27	27	13	24	11	13	8	8	8	4	-99	 	33	40	25	33	29	14	26	14	17	9	10	13	5	-99
WWP	W	wh	 	63	74	66	56	46	43	38	47	37	26	31	30	10	13	 	81	88	79	62	62	57	49	62	50	36	40	35	13	14	 	72	84	76	55	51	54	49	59	50	31	43	39	17	19	 	79	90	79	60	57	60	53	64	61	35	52	40	21	19
XRI	M	aa	 	-99	-99	-99	-99	-99	-99	-99	-99	-99	-99	-99	-99	-99	-99	 	-99	-99	-99	-99	-99	-99	-99	-99	-99	-99	-99	-99	-99	-99	 	-99	-99	-99	-99	-99	-99	-99	-99	-99	-99	-99	-99	-99	-99	 	-99	-99	-99	-99	-99	-99	-99	-99	-99	-99	-99	-99	-99	-99
XRI	M	other	 	-99	-99	-99	-99	-99	-99	2	4	-99	-99	-99	-99	-99	-99	 	-99	-99	-99	-99	-99	-99	4	6	-99	-99	-99	-99	-99	-99	 	5	4	-99	4	4	3	-99	5	-99	-99	-99	-99	-99	-99	 	5	5	-99	4	6	4	-99	5	-99	-99	-99	-99	-99	-99
XRI	M	wh	 	5	10	11	5	12	8	20	10	-99	-99	-99	-99	-99	-99	 	11	17	14	12	14	15	29	18	-99	-99	-99	-99	-99	-99	 	26	27	30	22	31	27	24	11	-99	-99	-99	-99	-99	-99	 	30	31	33	33	36	35	30	15	-99	-99	-99	-99	-99	-99
XRI	W	aa	 	-99	-99	-99	-99	-99	-99	-99	-99	-99	-99	-99	-99	-99	-99	 	-99	-99	-99	-99	-99	-99	-99	-99	-99	-99	-99	-99	-99	-99	 	-99	-99	-99	-99	-99	-99	-99	-99	-99	-99	-99	-99	-99	-99	 	-99	-99	-99	-99	-99	-99	-99	-99	-99	-99	-99	-99	-99	-99
XRI	W	other	 	-99	-99	-99	3	-99	-99	-99	-99	-99	-99	-99	-99	-99	-99	 	-99	-99	-99	4	-99	-99	-99	-99	-99	-99	-99	-99	-99	-99	 	-99	-99	-99	-99	-99	-99	-99	-99	-99	-99	-99	-99	-99	-99	 	-99	-99	-99	-99	-99	-99	-99	-99	-99	-99	-99	-99	-99	-99
XRI	W	wh	 	15	12	13	9	15	14	-99	-99	-99	-99	-99	-99	-99	-99	 	18	19	19	14	21	26	-99	-99	-99	-99	-99	-99	-99	-99	 	-99	-99	-99	-99	-99	-99	-99	-99	-99	-99	-99	-99	-99	-99	 	-99	-99	-99	-99	-99	-99	-99	-99	-99	-99	-99	-99	-99	-99
