unitid,"instnm","chronname","conference","city","state","nickname",year,"url",full_time_enrollment,inflation_adjusted_ticket_sales,inflation_adjusted_student_fees,inflation_adjusted_direct_state_govt_support,inflation_adjusted_direct_institutional_support,inflation_adjusted_indirect_facil_admin_support,inflation_adjusted_ncaa_distributions,inflation_adjusted_royalties,inflation_adjusted_tv_revenue,inflation_adjusted_endowments,inflation_adjusted_athletic_revenues,inflation_adjusted_other_revenues,inflation_adjusted_athletic_expenses,inflation_adjusted_subsidy,inflation_adjusted_subsidyproportion,inflation_adjusted_institutional_subsidy,inflation_adjusted_institutionalsubsidy_proportion,inflation_adjusted_net_revenue,inflation_adjusted_net_revenue_before_subsidy,inflation_adjusted_external_revenue,ticket_sales,student_fees,direct_state_govt_support,direct_institutional_support,indirect_facil_admin_support,ncaa_distributions,royalties,tv_revenue,endowments,athletic_revenues,other_revenues,athletic_expenses,subsidy,subsidyproportion,institutional_subsidy,institutionalsubsidy_proportion,net_revenue,net_revenue_before_subsidy,external_revenue,instate_tuition
100751,"The University of Alabama","University of Alabama at Tuscaloosa","Southeastern Conference","Tuscaloosa","Alabama","Crimson Tide",2014,"university-of-alabama-tuscaloosa-fy2014.pdf",29498,37219343,0,0,5997100,0,23282201,15471366,13662940,10736649,153234273,71264263,129300462,5997100,0.0391368,5997100,0.0391368,23933811,17936711,147237173,37219343,0,0,5997100,0,23282201,15471366,13662940,10736649,153234273,71264263,129300462,5997100,0.0391368,5997100,0.0391368,23933811,17936711,147237173,9826
100858,"Auburn University","Auburn University","Southeastern Conference","Auburn","Alabama","Tigers",2014,"auburn-fy2014.pdf",21093,29833441,4384800,0,0,0,23410336,5275554,6357837,1208553,113716004,50811873,127340380,4384800,0.0385592,0,0,-13624376,-18009176,109331204,29833441,4384800,0,0,0,23410336,5275554,6357837,1208553,113716004,50811873,127340380,4384800,0.0385592,0,0,-13624376,-18009176,109331204,10200
104151,"Arizona State University-Tempe","Arizona State University","Pacific-12 Conference","Tempe","Arizona","Sun Devils",2014,"arizona-state-fy2014.pdf",42498,12885134,0,0,8541670,1531535,22958453,10148054,0,213739,74729269,18664423,74553104,10073205,0.134796,10073205,0.134796,176165,-9897040,64656064,12885134,0,0,8541670,1531535,22958453,10148054,0,213739,74729269,18664423,74553104,10073205,0.134796,10073205,0.134796,176165,-9897040,64656064,10156
104179,"University of Arizona","University of Arizona","Pacific-12 Conference","Tucson","Arizona","Wildcats",2014,"university-of-arizona-fy2014.pdf",35388,14931449,0,0,6758419,1142715,22106806,6308525,0,501027,99911034,48663120,95524260,7901134,0.0790817,7901134,0.0790817,4386774,-3514360,92009900,14931449,0,0,6758419,1142715,22106806,6308525,0,501027,99911034,48663120,95524260,7901134,0.0790817,7901134,0.0790817,4386774,-3514360,92009900,10957
106397,"University of Arkansas","University of Arkansas at Fayetteville","Southeastern Conference","Fayetteville","Arkansas","Razorbacks and Razorback women",2014,"university-of-arkansas-fayetteville-fy2014.pdf",20379,34284318,0,0,1936405,0,21666355,11813916,0,2393611,96793972,27092978,94745423,1936405,0.0200054,1936405,0.0200054,2048549,112144,94857567,34284318,0,0,1936405,0,21666355,11813916,0,2393611,96793972,27092978,94745423,1936405,0.0200054,1936405,0.0200054,2048549,112144,94857567,8210
110635,"University of California-Berkeley","University of California at Berkeley","Pacific-12 Conference","Berkeley","California","Golden Bears",2014,"university-of-california-berkeley-fy2014.pdf",34675,14219724,1444374,0,3537799,0,22593502,9468564,0,13358799,90262142,38998179,76446271,4982173,0.0551967,3537799,0.0391947,13815871,8833698,85279969,14219724,1444374,0,3537799,0,22593502,9468564,0,13358799,90262142,38998179,76446271,4982173,0.0551967,3537799,0.0391947,13815871,8833698,85279969,12972
110662,"University of California-Los Angeles","University of California at Los Angeles","Pacific-12 Conference","Los Angeles","California","Bruins",2014,"university-of-california-at-los-angeles-fy2014.pdf",39794,17807674,2651272,0,60000,0,8064339,11652329,17536463,3948351,86426780,46191166,86426780,2711272,0.0313707,60000,0.000694229,0,-2711272,83715508,17807674,2651272,0,60000,0,8064339,11652329,17536463,3948351,86426780,46191166,86426780,2711272,0.0313707,60000,0.000694229,0,-2711272,83715508,13029
126614,"University of Colorado Boulder","University of Colorado at Boulder","Pacific-12 Conference","Boulder","Colorado","Buffaloes",2014,"university-of-colorado-boulder-fy2014.pdf",26242,12062260,1519708,0,8931483,1758282,21461121,3996973,0,609286,64226758,14496931,64303100,12209473,0.190099,10689765,0.166438,-76342,-12285815,52017285,12062260,1519708,0,8931483,1758282,21461121,3996973,0,609286,64226758,14496931,64303100,12209473,0.190099,10689765,0.166438,-76342,-12285815,52017285,10789
129020,"University of Connecticut","University of Connecticut","American Athletic Conference","Storrs","Connecticut","Huskies",2014,"university-of-cincinnati-fy2014.pdf",22482,10699311,9929474,0,17273557,0,11584048,12599042,1125435,149396,71519433,9434001,71396255,27203031,0.380359,17273557,0.241523,123178,-27079853,44316402,10699311,9929474,0,17273557,0,11584048,12599042,1125435,149396,71519433,9434001,71396255,27203031,0.380359,17273557,0.241523,123178,-27079853,44316402,12700
134097,"Florida State University","Florida State University","Atlantic Coast Conference","Tallahassee","Florida","Seminoles",2014,"florida-state-fy2014.pdf",34882,25550753,7980366,0,0,0,20760441,14873220,360000,3682634,104774474,35609694,102656275,7980366,0.0761671,0,0,2118199,-5862167,96794108,25550753,7980366,0,0,0,20760441,14873220,360000,3682634,104774474,35609694,102656275,7980366,0.0761671,0,0,2118199,-5862167,96794108,6592
134130,"University of Florida","University of Florida","Southeastern Conference","Gainesville","Florida","Gators",2014,"university-of-florida-fy2014.pdf",42490,22976195,2438135,1870307,0,0,20638137,9229339,8433500,10055552,124611305,67459192,113995897,4308442,0.034575,0,0,10615408,6306966,120302863,22976195,2438135,1870307,0,0,20638137,9229339,8433500,10055552,124611305,67459192,113995897,4308442,0.034575,0,0,10615408,6306966,120302863,6313
137351,"University of South Florida-Main Campus","University of South Florida","American Athletic Conference","Tampa","Florida","Bulls",2014,"university-of-south-florida-fy2014.pdf",29437,4980088,16450523,320956,4584491,0,11756975,4922835,477879,231934,48383928,5368060,46829647,21355970,0.441386,4584491,0.0947523,1554281,-19801689,27027958,4980088,16450523,320956,4584491,0,11756975,4922835,477879,231934,48383928,5368060,46829647,21355970,0.441386,4584491,0.0947523,1554281,-19801689,27027958,6410
139755,"Georgia Institute of Technology-Main Campus","Georgia Institute of Technology","Atlantic Coast Conference","Atlanta","Georgia","Yellow Jackets",2014,"georgia-institute-of-technology-fy2014.pdf",18743,10900497,5073873,0,2033904,0,19060758,4846584,3487303,3881007,68469538,26553922,68818267,7107777,0.103809,2033904,0.0297052,-348729,-7456506,61361761,10900497,5073873,0,2033904,0,19060758,4846584,3487303,3881007,68469538,26553922,68818267,7107777,0.103809,2033904,0.0297052,-348729,-7456506,61361761,11394
139959,"University of Georgia","University of Georgia","Southeastern Conference","Athens","Georgia","Bulldogs and Lady Bulldogs",2014,"university-of-georgia-fy2014.pdf",31364,22472925,3274712,0,0,0,22225911,8560268,5669380,6427492,103495587,46961771,96560956,3274712,0.0316411,0,0,6934631,3659919,100220875,22472925,3274712,0,0,0,22225911,8560268,5669380,6427492,103495587,46961771,96560956,3274712,0.0316411,0,0,6934631,3659919,100220875,10836
145637,"University of Illinois at Urbana-Champaign","University of Illinois at Urbana-Champaign","Big Ten Conference","Urbana - Champaign","Illinois","Fighting Illini",2014,"university-of-illinois-at-champaign-fy2014.pdf",41118,17005685,3046935,0,880437,0,29290831,5052695,1676715,1854737,80848569,25571986,83773651,3927372,0.0485769,880437,0.01089,-2925082,-6852454,76921197,17005685,3046935,0,880437,0,29290831,5052695,1676715,1854737,80848569,25571986,83773651,3927372,0.0485769,880437,0.01089,-2925082,-6852454,76921197,15020
151351,"Indiana University-Bloomington","Indiana University at Bloomington","Big Ten Conference","Bloomington","Indiana","Hoosiers",2014,"indiana-at-bloomington-fy2014.pdf",37467,17029219,0,0,0,3008362,30079247,10519810,0,0,84668779,24032141,80386732,3008362,0.0355309,3008362,0.0355309,4282047,1273685,81660417,17029219,0,0,0,3008362,30079247,10519810,0,0,84668779,24032141,80386732,3008362,0.0355309,3008362,0.0355309,4282047,1273685,81660417,10388
153603,"Iowa State University","Iowa State University","Big 12 Conference","Ames","Iowa","Cyclones",2014,"iowa-state-fy2014.pdf",29398,14418164,1957396,0,0,0,24376696,862547,3691350,368790,68170381,26555578,67967712,1957396,0.0287133,0,0,202669,-1754727,66212985,14418164,1957396,0,0,0,24376696,862547,3691350,368790,68170381,26555578,67967712,1957396,0.0287133,0,0,202669,-1754727,66212985,7731
153658,"University of Iowa","University of Iowa","Big Ten Conference","Iowa City","Iowa","Hawkeyes",2014,"university-of-iowa-fy2014.pdf",24295,25890094,683917,0,0,0,28960390,8592992,1500000,3128431,105958954,41831561,102278847,683917,0.00645455,0,0,3680107,2996190,105275037,25890094,683917,0,0,0,28960390,8592992,1500000,3128431,105958954,41831561,102278847,683917,0.00645455,0,0,3680107,2996190,105275037,8079
155317,"University of Kansas","University of Kansas","Big 12 Conference","Lawrence","Kansas","Jayhawks",2014,"university-of-kansas-fy2014.pdf",23034,20083624,1080061,0,1484313,0,22369558,5750909,6855577,4510182,97681066,46912601,90056511,2564374,0.0262525,1484313,0.0151955,7624555,5060181,95116692,20083624,1080061,0,1484313,0,22369558,5750909,6855577,4510182,97681066,46912601,90056511,2564374,0.0262525,1484313,0.0151955,7624555,5060181,95116692,10448
157085,"University of Kentucky","University of Kentucky","Southeastern Conference","Lexington","Kentucky","Wildcats",2014,"university-of-kentucky-fy2014.pdf",25658,32793626,861548,0,0,0,22041506,5900837,8864862,540597,96685489,35087972,96272431,861548,0.00891083,0,0,413058,-448490,95823941,32793626,861548,0,0,0,22041506,5900837,8864862,540597,96685489,35087972,96272431,861548,0.00891083,0,0,413058,-448490,95823941,10464
157289,"University of Louisville","University of Louisville","Atlantic Coast Conference","Louisville","Kentucky","Cardinals",2014,"university-of-louisville-fy2014.pdf",16364,26928635,1960346,0,2087567,3720686,10461106,4956633,0,268477,88745348,38630375,88174474,7768599,0.0875381,5808253,0.0654485,570874,-7197725,80976749,26928635,1960346,0,2087567,3720686,10461106,4956633,0,268477,88745348,38630375,88174474,7768599,0.0875381,5808253,0.0654485,570874,-7197725,80976749,10432
159391,"Louisiana State University and Agricultural & Mechanical College","Louisiana State University at Baton Rouge","Southeastern Conference","Baton Rouge","Louisiana","Tigers and Lady Tigers",2014,"lousiana-state-fy2014.pdf",27172,37686975,0,0,0,0,22886852,3437777,6984591,1062725,133679256,69667652,127630312,0,0,0,0,6048944,6048944,133679256,37686975,0,0,0,0,22886852,3437777,6984591,1062725,133679256,69667652,127630312,0,0,0,0,6048944,6048944,133679256,8750
163286,"University of Maryland-College Park","University of Maryland at College Park","Big Ten Conference","College Park","Maryland","Terrapins",2014,"university-of-maryland-college-park-fy2014.pdf",32199,13442584,11315001,0,6806112,0,19038856,9038376,0,621255,73434869,13793940,72952894,18121113,0.246764,6806112,0.0926823,481975,-17639138,55313756,13442584,11315001,0,6806112,0,19038856,9038376,0,621255,73434869,13793940,72952894,18121113,0.246764,6806112,0.0926823,481975,-17639138,55313756,9427
170976,"University of Michigan-Ann Arbor","University of Michigan at Ann Arbor","Big Ten Conference","Ann Arbor","Michigan","Wolverines",2014,"university-of-michigan-fy2014.pdf",41152,53269056,0,0,6831,249485,29272753,22123931,0,2977719,157899820,52977764,144861192,256316,0.00162328,256316,0.00162328,13038628,12782312,157643504,53269056,0,0,6831,249485,29272753,22123931,0,2977719,157899820,52977764,144861192,256316,0.00162328,256316,0.00162328,13038628,12782312,157643504,13486
171100,"Michigan State University","Michigan State University","Big Ten Conference","East Lansing","Michigan","Spartans",2014,"michigan-state-fy2014.pdf",43276,24076780,0,0,388823,706135,31260069,7498379,1226173,2088906,104677456,40747270,107897832,1094958,0.0104603,1094958,0.0104603,-3220376,-4315334,103582498,24076780,0,0,388823,706135,31260069,7498379,1226173,2088906,104677456,40747270,107897832,1094958,0.0104603,1094958,0.0104603,-3220376,-4315334,103582498,13200
174066,"University of Minnesota-Twin Cities","University of Minnesota-Twin Cities","Big Ten Conference","Minneapolis - Saint Paul","Minnesota","Golden Gophers",2014,"university-of-minnesota-twin-cities-fy2014.pdf",38767,28495612,0,0,1542547,5468519,28611812,10098211,0,8811258,106176156,31959455,106176156,7011066,0.0660324,7011066,0.0660324,0,-7011066,99165090,28495612,0,0,1542547,5468519,28611812,10098211,0,8811258,106176156,31959455,106176156,7011066,0.0660324,7011066,0.0660324,0,-7011066,99165090,13626
176017,"University of Mississippi","University of Mississippi","Southeastern Conference","Oxford","Mississippi","Rebels",2014,"university-of-mississippi-fy2014.pdf",17612,17280915,1911778,0,1974645,0,22465987,4857343,2623230,784051,75849000,27358332,75194231,3886423,0.0512389,1974645,0.0260339,654769,-3231654,71962577,17280915,1911778,0,1974645,0,22465987,4857343,2623230,784051,75849000,27358332,75194231,3886423,0.0512389,1974645,0.0260339,654769,-3231654,71962577,7096
176080,"Mississippi State University","Mississippi State University","Southeastern Conference","Starkville","Mississippi","Bulldogs",2014,"mississippi-state-fy2014.pdf",16951,12461331,2650000,0,0,0,21569639,997186,4131500,1883686,62275111,24596955,55138802,2650000,0.0425531,0,0,7136309,4486309,59625111,12461331,2650000,0,0,0,21569639,997186,4131500,1883686,62275111,24596955,55138802,2650000,0.0425531,0,0,7136309,4486309,59625111,7140
178396,"University of Missouri-Columbia","University of Missouri at Columbia","Southeastern Conference","Columbia","Missouri","Tigers",2014,"university-of-missouri-fy2014.pdf",30318,24235754,0,0,1515000,0,21836870,2543650,4456704,1685262,83718587,33587313,82409762,1515000,0.0180963,1515000,0.0180963,1308825,-206175,82203587,24235754,0,0,1515000,0,21836870,2543650,4456704,1685262,83718587,33587313,82409762,1515000,0.0180963,1515000,0.0180963,1308825,-206175,82203587,11021
186380,"Rutgers University-New Brunswick","Rutgers University at New Brunswick","Big Ten Conference","New Brunswick","New Jersey","Scarlet Knights",2014,"rutgers-new-brunswick-fy2014.pdf",40321,10466489,10323090,16228,26001347,0,9269466,7678049,0,976638,76656339,12901670,76656339,36340665,0.474073,26001347,0.339194,0,-36340665,40315674,10466489,10323090,16228,26001347,0,9269466,7678049,0,976638,76656339,12901670,76656339,36340665,0.474073,26001347,0.339194,0,-36340665,40315674,13813
199120,"University of North Carolina at Chapel Hill","University of North Carolina at Chapel Hill","Atlantic Coast Conference","Chapel Hill","North Carolina","Tar Heels",2014,"university-of-north-carolina-at-chapel-hill-fy2014.pdf",24390,23012533,7315622,0,0,1762971,20628115,2733096,5172150,18196,83771913,28319576,83463221,9078593,0.108373,1762971,0.0210449,308692,-8769901,74693320,23012533,7315622,0,0,1762971,20628115,2733096,5172150,18196,83771913,28319576,83463221,9078593,0.108373,1762971,0.0210449,308692,-8769901,74693320,8346
199193,"North Carolina State University at Raleigh","North Carolina State University","Atlantic Coast Conference","Raleigh","North Carolina","Wolfpack",2014,"north-carolina-state-fy2014.pdf",26770,20952442,6687509,0,21142,0,19041322,2161173,4790000,0,70500811,21637223,64924362,6708651,0.0951571,21142,0.000299883,5576449,-1132202,63792160,20952442,6687509,0,21142,0,19041322,2161173,4790000,0,70500811,21637223,64924362,6708651,0.0951571,21142,0.000299883,5576449,-1132202,63792160,8296
201885,"University of Cincinnati-Main Campus","University of Cincinnati","American Athletic Conference","Cincinnati","Ohio","Bearcats",2014,"university-of-cincinnati-fy2009.pdf",25873,7210699,0,0,25598152,1520221,10095329,4855299,0,496946,59100453,9820753,55433830,27118373,0.458852,27118373,0.458852,3666623,-23451750,31982080,7210699,0,0,25598152,1520221,10095329,4855299,0,496946,59100453,9820753,55433830,27118373,0.458852,27118373,0.458852,3666623,-23451750,31982080,11000
204796,"Ohio State University-Main Campus","Ohio State University","Big Ten Conference","Columbus","Ohio","Buckeyes",2014,"ohio-state-fy2014.pdf",50012,56002638,0,0,0,0,28662655,12968356,1932000,2708062,145232681,47599032,122571184,0,0,0,0,22661497,22661497,145232681,56002638,0,0,0,0,28662655,12968356,1932000,2708062,145232681,47599032,122571184,0,0,0,0,22661497,22661497,145232681,10037
207388,"Oklahoma State University-Main Campus","Oklahoma State University at Stillwater","Big 12 Conference","Stillwater","Oklahoma","Cowboys and Cowgirls",2014,"oklahoma-state-fy2014.pdf",19959,23756815,3103680,0,2902283,1515512,23915667,2605681,4795000,12332151,117803302,60003664,109648000,7521475,0.0638477,4417795,0.0375015,8155302,633827,110281827,23756815,3103680,0,2902283,1515512,23915667,2605681,4795000,12332151,117803302,60003664,109648000,7521475,0.0638477,4417795,0.0375015,8155302,633827,110281827,7442
207500,"University of Oklahoma-Norman Campus","University of Oklahoma at Norman","Big 12 Conference","Norman","Oklahoma","Sooners",2014,"university-of-oklahoma-fy2014.pdf",20627,36940264,0,0,0,0,25954416,12798803,5227250,4955952,129226692,53533209,116546776,0,0,0,0,12679916,12679916,129226692,36940264,0,0,0,0,25954416,12798803,5227250,4955952,129226692,53533209,116546776,0,0,0,0,12679916,12679916,129226692,9495
209542,"Oregon State University","Oregon State University","Pacific-12 Conference","Corvallis","Oregon","Beavers",2014,"oregon-state-fy2014.pdf",21958,10080314,2502831,440000,3354375,5988247,23715403,3183927,0,239682,63301794,14036697,73020003,12285453,0.194077,9342622,0.147589,-9718209,-22003662,51016341,10080314,2502831,440000,3354375,5988247,23715403,3183927,0,239682,63301794,14036697,73020003,12285453,0.194077,9342622,0.147589,-9718209,-22003662,51016341,9422
209551,"University of Oregon","University of Oregon","Pacific-12 Conference","Eugene","Oregon","Ducks",2014,"university-of-oregon-fy2014.pdf",21920,26625906,1715099,440000,0,0,22643365,7900297,28386,185967,196030398,136705731,110378432,2155099,0.0109937,0,0,85651966,83496867,193875299,26625906,1715099,440000,0,0,22643365,7900297,28386,185967,196030398,136705731,110378432,2155099,0.0109937,0,0,85651966,83496867,193875299,9918
217882,"Clemson University","Clemson University","Atlantic Coast Conference","Clemson","South Carolina","Tigers",2014,"clemson-fy2014.pdf",18963,19984515,0,0,4375745,0,20425934,4777290,2690000,162146,74793322,25229838,74718991,4375745,0.0585045,4375745,0.0585045,74331,-4301414,70417577,19984515,0,0,4375745,0,20425934,4777290,2690000,162146,74793322,25229838,74718991,4375745,0.0585045,4375745,0.0585045,74331,-4301414,70417577,13546
218663,"University of South Carolina-Columbia","University of South Carolina at Columbia","Southeastern Conference","Columbia","South Carolina","Gamecocks",2014,"university-of-south-carolina-fy2014.pdf",28022,21346746,2592673,0,3039303,0,22903539,4267844,260000,405198,98619479,44469374,98399092,5631976,0.0571081,3039303,0.0308185,220387,-5411589,92987503,21346746,2592673,0,3039303,0,22903539,4267844,260000,405198,98619479,44469374,98399092,5631976,0.0571081,3039303,0.0308185,220387,-5411589,92987503,11158
228723,"Texas A & M University-College Station","Texas A&M University at College Station","Southeastern Conference","College Station","Texas","Aggies",2014,"texas-a-and-m-college-station-fy2014.xlsx",48780,36748040,0,0,1241457,0,22618959,11077963,0,252183,119475871,47789452,95663484,1241457,0.0103909,1241457,0.0103909,23812387,22570930,118234414,36748040,0,0,1241457,0,22618959,11077963,0,252183,119475871,47789452,95663484,1241457,0.0103909,1241457,0.0103909,23812387,22570930,118234414,9179
228778,"The University of Texas at Austin","University of Texas at Austin","Big 12 Conference","Austin","Texas","Longhorns",2014,"university-of-texas-at-austin-fy2014.pdf",47741,53655399,0,0,0,0,23914930,31955783,26422,1304365,161035182,51509070,163850593,0,0,0,0,-2815411,-2815411,161035182,53655399,0,0,0,0,23914930,31955783,26422,1304365,161035182,51509070,163850593,0,0,0,0,-2815411,-2815411,161035182,9798
229115,"Texas Tech University","Texas Tech University","Big 12 Conference","Lubbock","Texas","Red Raiders",2014,"texas-tech-fy2014.pdf",28287,11195150,3068485,0,1018271,0,23174383,7402130,0,529838,76723413,30864994,69659608,4086756,0.0532661,1018271,0.013272,7063805,2977049,72636657,11195150,3068485,0,1018271,0,23174383,7402130,0,529838,76723413,30864994,69659608,4086756,0.0532661,1018271,0.013272,7063805,2977049,72636657,9308
230764,"University of Utah","University of Utah","Pacific-12 Conference","Salt Lake City","Utah","Utes",2014,"university-of-utah-fy2014.pdf",23084,13679024,6083151,0,3778955,0,16487484,3391602,35706,21408,56470310,13050094,55051905,9862106,0.174642,3778955,0.0669193,1418405,-8443701,46608204,13679024,6083151,0,3778955,0,16487484,3391602,35706,21408,56470310,13050094,55051905,9862106,0.174642,3778955,0.0669193,1418405,-8443701,46608204,7935
233921,"Virginia Polytechnic Institute and State University","Virginia Tech","Atlantic Coast Conference","Blacksburg","Virginia","Hokies",2014,"virginia-tech-fy2014.pdf",28425,15005783,7803719,0,307109,0,19220520,1837878,5050008,2445218,73065186,28890177,69597779,8110828,0.111008,307109,0.00420322,3467407,-4643421,64954358,15005783,7803719,0,307109,0,19220520,1837878,5050008,2445218,73065186,28890177,69597779,8110828,0.111008,307109,0.00420322,3467407,-4643421,64954358,12017
234076,"University of Virginia-Main Campus","University of Virginia","Atlantic Coast Conference","Charlottesville","Virginia","Cavaliers",2014,"university-of-virginia-fy2014.pdf",21086,15872912,13235814,0,0,0,18925939,4733274,0,4062869,83697971,30930032,87426105,13235814,0.158138,0,0,-3728134,-16963948,70462157,15872912,13235814,0,0,0,18925939,4733274,0,4062869,83697971,30930032,87426105,13235814,0.158138,0,0,-3728134,-16963948,70462157,12998
236939,"Washington State University","Washington State University","Pacific-12 Conference","Pullman","Washington","Cougars",2014,"washington-state-fy2014.pdf",23604,5888263,990402,0,3591215,5523021,23190434,3694783,0,532850,54426818,11548700,68141258,10104638,0.185655,9114236,0.167459,-13714440,-23819078,44322180,5888263,990402,0,3591215,5523021,23190434,3694783,0,532850,54426818,11548700,68141258,10104638,0.185655,9114236,0.167459,-13714440,-23819078,44322180,11386
236948,"University of Washington-Seattle Campus","University of Washington","Pacific-12 Conference","Seattle","Washington","Huskies",2014,"university-of-washington-fy2014.pdf",38327,28488448,0,0,3549679,0,24935473,11321491,0,1917739,100275187,31980096,86097137,3549679,0.0353994,3549679,0.0353994,14178050,10628371,96725508,28488448,0,0,3549679,0,24935473,11321491,0,1917739,100275187,31980096,86097137,3549679,0.0353994,3549679,0.0353994,14178050,10628371,96725508,12394
240444,"University of Wisconsin-Madison","University of Wisconsin at Madison","Big Ten Conference","Madison","Wisconsin","Badgers",2014,"university-of-wisconsin-madison-fy2014.pdf",38428,27556037,0,0,5091360,2982000,29506396,4616212,8773160,322152,127910918,58158913,125096235,8073360,0.063117,8073360,0.063117,2814683,-5258677,119837558,27556037,0,0,5091360,2982000,29506396,4616212,8773160,322152,127910918,58158913,125096235,8073360,0.063117,8073360,0.063117,2814683,-5258677,119837558,10410
243780,"Purdue University-Main Campus","Purdue University at West Lafayette","Big Ten Conference","West Lafayette","Indiana","Boilermakers",2014,"purdue-fy2014.pdf",34871,14421078,0,0,0,0,28928744,6453081,0,1453412,71372206,21569303,76321484,0,0,0,0,-4949278,-4949278,71372206,14421078,0,0,0,0,28928744,6453081,0,1453412,71372206,21569303,76321484,0,0,0,0,-4949278,-4949278,71372206,10002
196060,"SUNY at Albany","University at Albany, SUNY","America East Conference","Albany","New York","Great Danes",2014,"suny-albany-fy2014.pdf",14398,252942,6578669,0,8470812,388746,1275493,425914,6076,56024,19020977,1628401,19020977,15438227,0.811642,8859558,0.465778,0,-15438227,3582750,252942,6578669,0,8470812,388746,1275493,425914,6076,56024,19020977,1628401,19020977,15438227,0.811642,8859558,0.465778,0,-15438227,3582750,8527
196079,"SUNY at Binghamton","Binghamton University","America East Conference","Vestal","New York","Bearcats",2014,"binghamton-fy2014.pdf",14383,298249,6381891,0,3714266,2173337,776173,740861,0,58982,15566967,1482190,14806604,12269494,0.788175,5887603,0.378211,760363,-11509131,3297473,298249,6381891,0,3714266,2173337,776173,740861,0,58982,15566967,1482190,14806604,12269494,0.788175,5887603,0.378211,760363,-11509131,3297473,8720
161253,"University of Maine","University of Maine","America East Conference","Orono","Maine","Black Bears",2014,"university-of-louisiana-at-lafayette-fy2014.pdf",8739,1244173,0,0,10922942,1906533,874792,719901,0,38647,19490936,3822595,19392653,12829475,0.658228,12829475,0.658228,98283,-12731192,6661461,1244173,0,0,10922942,1906533,874792,719901,0,38647,19490936,3822595,19392653,12829475,0.658228,12829475,0.658228,98283,-12731192,6661461,10606
166513,"University of Massachusetts-Lowell","University of Massachusetts at Lowell","America East Conference","Lowell","Massachusetts","River Hawks",2014,"university-of-massachusetts-at-lowell-fy2014.pdf",10322,533064,0,0,9522273,770000,36138,714713,0,31093,12988025,1411837,12786739,10292273,0.792443,10292273,0.792443,201286,-10090987,2695752,533064,0,0,9522273,770000,36138,714713,0,31093,12988025,1411837,12786739,10292273,0.792443,10292273,0.792443,201286,-10090987,2695752,12447
183044,"University of New Hampshire-Main Campus","University of New Hampshire","America East Conference","Durham","New Hampshire","Wildcats",2014,"university-of-new-hampshire-fy2014.pdf",13336,1663820,11720896,34728,6873315,0,1604525,1546033,51133,632310,26799800,3356483,26972273,18628939,0.695115,6873315,0.256469,-172473,-18801412,8170861,1663820,11720896,34728,6873315,0,1604525,1546033,51133,632310,26799800,3356483,26972273,18628939,0.695115,6873315,0.256469,-172473,-18801412,8170861,16552
196097,"Stony Brook University","State University of New York at Stony Brook","America East Conference","Stony Brook","New York","Seawolves",2014,"stony-brook-fy2014.pdf",20044,346016,7778859,0,10706638,4812547,1210683,505889,0,100374,27504770,2144138,26934534,23298044,0.847055,15519185,0.564236,570236,-22727808,4206726,346016,7778859,0,10706638,4812547,1210683,505889,0,100374,27504770,2144138,26934534,23298044,0.847055,15519185,0.564236,570236,-22727808,4206726,8430
231174,"University of Vermont","University of Vermont","America East Conference","Burlington","Vermont","Catamounts",2014,"university-of-vermont-fy2014.pdf",11001,1559930,2552773,0,9205163,1635050,657419,940390,0,422226,18344402,1793677,19071456,13392986,0.730086,10840213,0.590928,-727054,-14120040,4951416,1559930,2552773,0,9205163,1635050,657419,940390,0,422226,18344402,1793677,19071456,13392986,0.730086,10840213,0.590928,-727054,-14120040,4951416,16196
198464,"East Carolina University","East Carolina University","American Athletic Conference","Greenville","North Carolina","Pirates and Lady Pirates",2014,"east-carolina-fy2014.pdf",20971,6772823,13070200,1202983,360948,1046316,3601354,2192837,0,3967,36598782,8351321,38723518,15680447,0.428442,1407264,0.0384511,-2124736,-17805183,20918335,6772823,13070200,1202983,360948,1046316,3601354,2192837,0,3967,36598782,8351321,38723518,15680447,0.428442,1407264,0.0384511,-2124736,-17805183,20918335,6143
225511,"University of Houston","University of Houston","American Athletic Conference","Houston","Texas","Cougars",2014,"university-of-houston-fy2014.pdf",28486,3450712,7737707,0,14006414,0,6474299,2175510,0,218776,40310724,6466082,39486396,21744121,0.539413,14006414,0.347461,824328,-20919793,18566603,3450712,7737707,0,14006414,0,6474299,2175510,0,218776,40310724,6466082,39486396,21744121,0.539413,14006414,0.347461,824328,-20919793,18566603,10518
220862,"University of Memphis","University of Memphis","American Athletic Conference","Memphis","Tennessee","Tigers",2014,"university-of-memphis-fy2014.pdf",14385,8596559,7721891,0,8132095,3483499,6036401,2960600,0,561,50278503,13347458,50266862,19337485,0.384607,11615594,0.231025,11641,-19325844,30941018,8596559,7721891,0,8132095,3483499,6036401,2960600,0,561,50278503,13347458,50266862,19337485,0.384607,11615594,0.231025,11641,-19325844,30941018,8973
232186,"George Mason University","George Mason University","Atlantic 10 Conference","Fairfax","Virginia","Patriots",2014,"george-mason-fy2014.pdf",21421,737850,14355198,0,1537851,1314303,945189,670445,0,0,21014697,1453861,21633368,17207352,0.818825,2852154,0.135722,-618671,-17826023,3807345,737850,14355198,0,1537851,1314303,945189,670445,0,0,21014697,1453861,21633368,17207352,0.818825,2852154,0.135722,-618671,-17826023,3807345,10382
166629,"University of Massachusetts-Amherst","University of Massachusetts at Amherst","Atlantic 10 Conference","Amherst","Massachusetts","Minutemen and Minutewomen",2014,"university-of-maine-fy2014.pdf",22808,1695134,8081072,0,16088082,2255975,1472273,219454,7919,105365,33875918,4063928,33475242,26425129,0.780056,18344057,0.541507,400676,-26024453,7450789,1695134,8081072,0,16088082,2255975,1472273,219454,7919,105365,33875918,4063928,33475242,26425129,0.780056,18344057,0.541507,400676,-26024453,7450789,13443
217484,"University of Rhode Island","University of Rhode Island","Atlantic 10 Conference","Kingston","Rhode Island","Rams",2014,"university-of-rhode-island-fy2014.pdf",13662,890605,0,37945,18759211,1247766,1243153,841991,0,80996,25502270,2481599,24885161,20044922,0.786005,20006977,0.784517,617109,-19427813,5457348,890605,0,37945,18759211,1247766,1243153,841991,0,80996,25502270,2481599,24885161,20044922,0.786005,20006977,0.784517,617109,-19427813,5457348,12506
234030,"Virginia Commonwealth University","Virginia Commonwealth University","Atlantic 10 Conference","Richmond","Virginia","Rams",2014,"virginia-commonwealth-fy2014.pdf",24803,2022580,18428036,0,263853,343611,539771,2585672,0,0,27957707,3774184,27511166,19035500,0.680868,607464,0.021728,446541,-18588959,8922207,2022580,18428036,0,263853,343611,539771,2585672,0,0,27957707,3774184,27511166,19035500,0.680868,607464,0.021728,446541,-18588959,8922207,12398
433660,"Florida Gulf Coast University","Florida Gulf Coast University","Atlantic Sun Conference","Fort Myers","Florida","Eagles",2014,"florida-gulf-coast-fy2014.pdf",10539,1020820,6005242,0,3203334,682975,448194,342064,0,159128,14434002,2731373,12640775,9891551,0.685295,3886309,0.269247,1793227,-8098324,4542451,1020820,6005242,0,3203334,682975,448194,342064,0,159128,14434002,2731373,12640775,9891551,0.685295,3886309,0.269247,1793227,-8098324,4542451,6118
140164,"Kennesaw State University","Kennesaw State University","Atlantic Sun Conference","Kennesaw","Georgia","Owls and Lady Owls",2014,"kennesaw-state-fy2014.pdf",17690,99151,11984062,0,1522117,1400946,427381,596242,0,7081,17516033,1486134,16630159,14907125,0.851056,2923063,0.166879,885874,-14021251,2608908,99151,11984062,0,1522117,1400946,427381,596242,0,7081,17516033,1486134,16630159,14907125,0.851056,2923063,0.166879,885874,-14021251,2608908,6932
157447,"Northern Kentucky University","Northern Kentucky University","Atlantic Sun Conference","Highland Heights","Kentucky","Norse",2014,"northern-kentucky-fy2014.xlsx",10597,132219,0,0,8611625,1502360,31600,336242,0,227473,11951518,1337472,11430808,10113985,0.846251,10113985,0.846251,520710,-9593275,1837533,132219,0,0,8611625,1502360,31600,336242,0,227473,11951518,1337472,11430808,10113985,0.846251,10113985,0.846251,520710,-9593275,1837533,8856
136172,"University of North Florida","University of North Florida","Atlantic Sun Conference","Jacksonville","Florida","Ospreys and Lady Ospreys",2014,"university-of-north-florida-fy2014.pdf",10829,132363,7082459,0,653155,180531,617138,222232,0,143603,10453436,1565558,10236045,7916145,0.757277,833686,0.0797523,217391,-7698754,2537291,132363,7082459,0,653155,180531,617138,222232,0,143603,10453436,1565558,10236045,7916145,0.757277,833686,0.0797523,217391,-7698754,2537291,6385
218742,"University of South Carolina-Upstate","University of South Carolina-Upstate","Atlantic Sun Conference","Spartanburg","South Carolina","Spartans",2014,"university-of-south-carolina-upstate-fy2014.pdf",4236,39305,4162902,7000,1228105,436111,278641,111110,88,0,7138589,875415,7143471,5834118,0.817265,1664216,0.23313,-4882,-5839000,1304471,39305,4162902,7000,1228105,436111,278641,111110,88,0,7138589,875415,7143471,5834118,0.817265,1664216,0.23313,-4882,-5839000,1304471,10518
235097,"Eastern Washington University","Eastern Washington University","Big Sky Conference","Cheney","Washington","Eagles",2014,"eastern-washington-fy2014.pdf",10544,344136,2256000,0,5874772,1022235,599377,107264,0,0,12858386,2654602,13360741,9153007,0.711832,6897007,0.536382,-502355,-9655362,3705379,344136,2256000,0,5874772,1022235,599377,107264,0,0,12858386,2654602,13360741,9153007,0.711832,6897007,0.536382,-502355,-9655362,3705379,7982
142285,"University of Idaho","University of Idaho","Big Sky Conference","Moscow","Idaho","Vandals",2014,"university-of-idaho-fy2014.xlsx",9387,791987,2269389,2515797,4100682,495585,834318,736100,75000,419243,18920916,7177058,18920334,9381453,0.495824,4596267,0.24292,582,-9380871,9539463,791987,2269389,2515797,4100682,495585,834318,736100,75000,419243,18920916,7177058,18920334,9381453,0.495824,4596267,0.24292,582,-9380871,9539463,6784
142276,"Idaho State University","Idaho State University","Big Sky Conference","Pocatello","Idaho","Bengals",2014,"idaho-state-fy2014.pdf",8231,243762,2019527,3250200,2206561,0,608536,538712,9293,18314,12503225,3635927,12491220,7476288,0.597949,2206561,0.176479,12005,-7464283,5026937,243762,2019527,3250200,2206561,0,608536,538712,9293,18314,12503225,3635927,12491220,7476288,0.597949,2206561,0.176479,12005,-7464283,5026937,6566
180489,"The University of Montana","University of Montana at Missoula","Big Sky Conference","Missoula","Montana","Grizzlies",2014,"university-of-missouri-kansas-city-fy2014.xlsx",10582,5611729,1493206,0,6387218,762521,504961,940474,90466,222581,20609017,4908908,20539725,8642945,0.419377,7149739,0.346923,69292,-8573653,11966072,5611729,1493206,0,6387218,762521,504961,940474,90466,222581,20609017,4908908,20539725,8642945,0.419377,7149739,0.346923,69292,-8573653,11966072,6099
180461,"Montana State University","Montana State University at Bozeman","Big Sky Conference","Bozeman","Montana","Bobcats",2014,"montana-state-fy2014.pdf",11549,2867699,1739101,0,7204078,1618666,887616,990547,6000,138891,18787426,3479719,18610685,10561845,0.562176,8822744,0.469609,176741,-10385104,8225581,2867699,1739101,0,7204078,1618666,887616,990547,6000,138891,18787426,3479719,18610685,10561845,0.562176,8822744,0.469609,176741,-10385104,8225581,6894
200280,"University of North Dakota","University of North Dakota","Big Sky Conference","Grand Forks","North Dakota","North Dakota",2014,"university-of-north-dakota-fy2014.pdf",11160,4296792,3143330,0,8959503,1254416,517840,1112135,239916,0,23815870,4531854,23936729,13357249,0.560855,10213919,0.42887,-120859,-13478108,10458621,4296792,3143330,0,8959503,1254416,517840,1112135,239916,0,23815870,4531854,23936729,13357249,0.560855,10213919,0.42887,-120859,-13478108,10458621,7741
105330,"Northern Arizona University","Northern Arizona University","Big Sky Conference","Flagstaff","Arizona","Lumberjacks",2014,"northern-arizona-fy2014.pdf",20533,398567,0,2952428,9003959,0,655016,707870,0,44559,15235528,1517688,15009485,11956387,0.78477,9003959,0.590984,226043,-11730344,3279141,398567,0,2952428,9003959,0,655016,707870,0,44559,15235528,1517688,15009485,11956387,0.78477,9003959,0.590984,226043,-11730344,3279141,9990
127741,"University of Northern Colorado","University of Northern Colorado","Big Sky Conference","Greeley","Colorado","Bears",2014,"university-of-northern-colorado-fy2014.pdf",9735,399271,2020321,0,7181524,486970,740141,376095,0,314194,13339533,2135211,13438008,9688815,0.726323,7668494,0.57487,-98475,-9787290,3650718,399271,2020321,0,7181524,486970,740141,376095,0,314194,13339533,2135211,13438008,9688815,0.726323,7668494,0.57487,-98475,-9787290,3650718,7573
209807,"Portland State University","Portland State University","Big Sky Conference","Portland","Oregon","Vikings",2014,"portland-state-fy2014.pdf",17308,250586,3702909,972942,5365846,0,565384,254333,0,2014,13402378,2290378,14401920,10041697,0.749247,5365846,0.400365,-999542,-11041239,3360681,250586,3702909,972942,5365846,0,565384,254333,0,2014,13402378,2290378,14401920,10041697,0.749247,5365846,0.400365,-999542,-11041239,3360681,7794
230603,"Southern Utah University","Southern Utah University","Big Sky Conference","Cedar City","Utah","Thunderbirds",2014,"southern-utah-fy2014.pdf",5421,129278,1268817,0,5821942,870305,1028260,127800,0,2925,10598596,1352194,10589364,7961064,0.751143,6692247,0.631428,9232,-7951832,2637532,129278,1268817,0,5821942,870305,1028260,127800,0,2925,10598596,1352194,10589364,7961064,0.751143,6692247,0.631428,9232,-7951832,2637532,6138
230782,"Weber State University","Weber State University","Big Sky Conference","Ogden","Utah","Wildcats",2014,"weber-state-fy2014.pdf",11155,508888,2009728,0,5477451,1396308,1056435,525117,16884,101570,13377335,2403408,13407076,8883487,0.66407,6873759,0.513836,-29741,-8913228,4493848,508888,2009728,0,5477451,1396308,1056435,525117,16884,101570,13377335,2403408,13407076,8883487,0.66407,6873759,0.513836,-29741,-8913228,4493848,5184
232566,"Longwood University","Longwood University","Big South Conference","Farmville","Virginia","Lancers",2014,"longwood-fy2014.pdf",4265,22648,8416055,0,0,88,189644,203004,0,0,9774504,943065,9650604,8416143,0.86103,88,9.003e-06,123900,-8292243,1358361,22648,8416055,0,0,88,189644,203004,0,0,9774504,943065,9650604,8416143,0.86103,88,9.003e-06,123900,-8292243,1358361,11580
199111,"University of North Carolina at Asheville","University of North Carolina at Asheville","Big South Conference","Asheville","North Carolina","Bulldogs",2014,"university-of-north-carolina-asheville-fy2014.pdf",3129,130813,2401677,0,1315764,906267,292804,371006,0,28547,6340084,921753,6324972,4623708,0.729282,2222031,0.350473,15112,-4608596,1716376,130813,2401677,0,1315764,906267,292804,371006,0,28547,6340084,921753,6324972,4623708,0.729282,2222031,0.350473,15112,-4608596,1716376,6392
233277,"Radford University","Radford University","Big South Conference","Radford","Virginia","Highlanders",2014,"radford-fy2014.pdf",9166,46771,11237598,0,0,0,527476,369155,0,0,13100864,919864,12423704,11237598,0.857775,0,0,677160,-10560438,1863266,46771,11237598,0,0,0,527476,369155,0,0,13100864,919864,12423704,11237598,0.857775,0,0,677160,-10560438,1863266,9360
218964,"Winthrop University","Winthrop University","Big South Conference","Rock Hill","South Carolina","Eagles",2014,"winthrop-fy2014.pdf",4928,129927,5816385,0,3808382,1150902,484830,210951,0,256365,12549290,947913,12301745,10775669,0.858668,4959284,0.395184,247545,-10528124,1773621,129927,5816385,0,3808382,1150902,484830,210951,0,256365,12549290,947913,12301745,10775669,0.858668,4959284,0.395184,247545,-10528124,1773621,13812
181464,"University of Nebraska-Lincoln","University of Nebraska at Lincoln","Big Ten Conference","Lincoln","Nebraska","Cornhuskers",2014,"university-of-nebraska-lincoln-fy2014.pdf",20880,40450062,0,0,0,0,16098749,13140048,2488673,34477,94797692,25108833,94613589,0,0,0,0,184103,184103,94797692,40450062,0,0,0,0,16098749,13140048,2488673,34477,94797692,25108833,94613589,0,0,0,0,184103,184103,94797692,8070
110644,"University of California-Davis","University of California at Davis","Big West Conference","Davis","California","Aggies",2014,"university-of-california-davis-fy2014.pdf",31986,557085,19431295,0,2182053,3522723,1700378,1155933,0,84413,31062590,2513123,29531570,25136071,0.809207,5704776,0.183654,1531020,-23605051,5926519,557085,19431295,0,2182053,3522723,1700378,1155933,0,84413,31062590,2513123,29531570,25136071,0.809207,5704776,0.183654,1531020,-23605051,5926519,13896
110653,"University of California-Irvine","University of California at Irvine","Big West Conference","Irvine","California","Anteaters",2014,"university-of-california-irvine-fy2014.pdf",28046,367840,3523080,0,9283656,562313,572554,334651,0,21118,16762755,2118661,16856259,13369049,0.797545,9845969,0.587372,-93504,-13462553,3393706,367840,3523080,0,9283656,562313,572554,334651,0,21118,16762755,2118661,16856259,13369049,0.797545,9845969,0.587372,-93504,-13462553,3393706,14757
110671,"University of California-Riverside","University of California at Riverside","Big West Conference","Riverside","California","Highlanders",2014,"university-of-california-riverside-fy2014.pdf",20653,32916,4830946,0,4735481,4222424,397005,86004,0,39933,15484936,1180160,15685813,13788851,0.890469,8957905,0.578492,-200877,-13989728,1696085,32916,4830946,0,4735481,4222424,397005,86004,0,39933,15484936,1180160,15685813,13788851,0.890469,8957905,0.578492,-200877,-13989728,1696085,13407
110705,"University of California-Santa Barbara","University of California at Santa Barbara","Big West Conference","Santa Barbara","California","Gauchos",2014,"university-of-california-santa-barbara-fy2014.pdf",21771,315918,9941009,0,1744022,762057,610458,41682,0,198252,15588782,2173636,15980965,12447088,0.798464,2506079,0.160762,-392183,-12839271,3141694,315918,9941009,0,1744022,762057,610458,41682,0,198252,15588782,2173636,15980965,12447088,0.798464,2506079,0.160762,-392183,-12839271,3141694,13860
141574,"University of Hawaii at Manoa","University of Hawaii-Manoa","Big West Conference","Honolulu","Hawaii","Rainbow Warriors and Rainbow Wahine",2014,"university-of-connecticut-fy2014.pdf",14803,6261857,1563721,0,10236019,6205533,2271491,4100634,2496943,587244,40989898,10350643,43086528,18005273,0.439261,16441552,0.401112,-2096630,-20101903,22984625,6261857,1563721,0,10236019,6205533,2271491,4100634,2496943,587244,40989898,10350643,43086528,18005273,0.439261,16441552,0.401112,-2096630,-20101903,22984625,10620
217819,"College of Charleston","College of Charleston","Colonial Athletic Association","Charleston","South Carolina","Cougars",2014,"college-of-charleston-fy2014.pdf",10022,517570,12192296,0,0,961425,662033,84304,8588,107100,17440104,3022476,18121066,13153721,0.754223,961425,0.0551273,-680962,-13834683,4286383,517570,12192296,0,0,961425,662033,84304,8588,107100,17440104,3022476,18121066,13153721,0.754223,961425,0.0551273,-680962,-13834683,4286383,10878
232423,"James Madison University","James Madison University","Colonial Athletic Association","Harrisonburg","Virginia","Dukes",2014,"james-madison-fy2014.pdf",18626,2294984,33630820,0,2094229,0,1614252,1173156,0,0,43767486,2960045,43767486,35725049,0.816246,2094229,0.047849,0,-35725049,8042437,2294984,33630820,0,2094229,0,1614252,1173156,0,0,43767486,2960045,43767486,35725049,0.816246,2094229,0.047849,0,-35725049,8042437,9662
199218,"University of North Carolina Wilmington","University of North Carolina at Wilmington","Colonial Athletic Association","Wilmington","North Carolina","Seahawks",2014,"university-of-north-carolina-at-wilmington-fy2014.pdf",12001,314094,7637608,0,1155747,0,717574,330543,0,240768,12268374,2112808,12351215,8793355,0.71675,1155747,0.0942054,-82841,-8876196,3475019,314094,7637608,0,1155747,0,717574,330543,0,240768,12268374,2112808,12351215,8793355,0.71675,1155747,0.0942054,-82841,-8876196,3475019,6392
164076,"Towson University","Towson University","Colonial Athletic Association","Towson","Maryland","Tigers",2014,"towson-fy2014.pdf",17786,643050,14964376,0,2630334,2227211,1423496,255000,0,44826,24833346,2689879,24477033,19821921,0.798198,4857545,0.195606,356313,-19465608,5011425,643050,14964376,0,2630334,2227211,1423496,255000,0,44826,24833346,2689879,24477033,19821921,0.798198,4857545,0.195606,356313,-19465608,5011425,8590
231624,"College of William and Mary","College of William & Mary","Colonial Athletic Association","Williamsburg","Virginia","Tribe",2014,"college-of-william-and-mary-fy2014.pdf",7850,853749,11741918,0,56127,893282,1385465,901426,19230,1916110,23664928,7832961,23664883,12691327,0.536293,949409,0.0401188,45,-12691282,10973601,853749,11741918,0,56127,893282,1385465,901426,19230,1916110,23664928,7832961,23664883,12691327,0.536293,949409,0.0401188,45,-12691282,10973601,17656
100663,"University of Alabama at Birmingham","University of Alabama at Birmingham","Conference USA","Birmingham","Alabama","Blazers",2014,"university-of-alabama-at-birmingham-fy2014.pdf",11961,1165323,5234091,0,14688333,423183,2938668,961267,0,31914,31549517,6138652,30805171,20345607,0.644879,15111516,0.478978,744346,-19601261,11203910,1165323,5234091,0,14688333,423183,2938668,961267,0,31914,31549517,6138652,30805171,20345607,0.644879,15111516,0.478978,744346,-19601261,11203910,9280
133669,"Florida Atlantic University","Florida Atlantic University","Conference USA","Boca Raton","Florida","Owls",2014,"florida-atlantic-fy2014.pdf",17779,956750,12128623,0,2782071,1447683,976218,575459,0,2441,24352818,5486014,24033024,16358377,0.671724,4229754,0.173686,319794,-16038583,7994441,956750,12128623,0,2782071,1447683,976218,575459,0,2441,24352818,5486014,24033024,16358377,0.671724,4229754,0.173686,319794,-16038583,7994441,6039
133951,"Florida International University","Florida International University","Conference USA","Miami","Florida","Panthers",2014,"florida-international-fy2014.pdf",31932,744271,20026979,51746,2404410,57230,2429168,370079,0,107154,28104062,2020179,27542910,22540365,0.802032,2461640,0.0875902,561152,-21979213,5563697,744271,20026979,51746,2404410,57230,2429168,370079,0,107154,28104062,2020179,27542910,22540365,0.802032,2461640,0.0875902,561152,-21979213,5563697,6497
159647,"Louisiana Tech University","Louisiana Tech University","Conference USA","Ruston","Louisiana","Bulldogs and Lady Techsters",2014,"louisiana-tech-fy2014.pdf",7549,2019333,0,0,7572227,2079145,2231885,192054,0,0,19277701,5183057,19239017,9651372,0.50065,9651372,0.50065,38684,-9612688,9626329,2019333,0,0,7572227,2079145,2231885,192054,0,0,19277701,5183057,19239017,9651372,0.50065,9651372,0.50065,38684,-9612688,9626329,7662
237525,"Marshall University","Marshall University","Conference USA","Huntington","West Virginia","Thundering Herd",2014,"marshall-fy2014.pdf",9949,3326138,3997054,0,7437181,2622160,3784757,157416,1347054,275967,28707091,7382385,29441144,14056395,0.489649,10059341,0.350413,-734053,-14790448,14650696,3326138,3997054,0,7437181,2622160,3784757,157416,1347054,275967,28707091,7382385,29441144,14056395,0.489649,10059341,0.350413,-734053,-14790448,14650696,6526
220978,"Middle Tennessee State University","Middle Tennessee State University","Conference USA","Murfreesboro","Tennessee","Blue Raiders",2014,"middle-tennessee-state-fy2014.pdf",18280,1384428,7440012,0,8669200,3565326,3414019,1456847,0,522785,30410530,4480698,29036660,19674538,0.646965,12234526,0.402312,1373870,-18300668,10735992,1384428,7440012,0,8669200,3565326,3414019,1456847,0,522785,30410530,4480698,29036660,19674538,0.646965,12234526,0.402312,1373870,-18300668,10735992,8266
199139,"University of North Carolina at Charlotte","University of North Carolina at Charlotte","Conference USA","Charlotte","North Carolina","49ers",2014,"university-of-north-carolina-at-charlotte-fy2014.pdf",20436,1855994,15258284,0,0,5201022,1717783,672614,9522,271738,29591208,4885511,28366612,20459306,0.691398,5201022,0.175762,1224596,-19234710,9131902,1855994,15258284,0,0,5201022,1717783,672614,9522,271738,29591208,4885511,28366612,20459306,0.691398,5201022,0.175762,1224596,-19234710,9131902,6277
227216,"University of North Texas","University of North Texas","Conference USA","Denton","Texas","Mean Green",2014,"university-of-north-texas-fy2014.pdf",27282,1330980,10674831,0,9073911,35291,2954225,1690478,0,10227,31617094,5857378,31182673,19784033,0.625739,9109202,0.28811,434421,-19349612,11833061,1330980,10674831,0,9073911,35291,2954225,1690478,0,10227,31617094,5857378,31182673,19784033,0.625739,9109202,0.28811,434421,-19349612,11833061,9706
232982,"Old Dominion University","Old Dominion University","Conference USA","Norfolk","Virginia","Monarchs and Lady Monarchs",2014,"old-dominion-fy2014.pdf",16957,3576261,26733437,0,0,0,2026604,1204868,0,1504,41061440,7520270,41118876,26733437,0.651059,0,0,-57436,-26790873,14328003,3576261,26733437,0,0,0,2026604,1204868,0,1504,41061440,7520270,41118876,26733437,0.651059,0,0,-57436,-26790873,14328003,9250
176372,"University of Southern Mississippi","University of Southern Mississippi","Conference USA","Hattiesburg","Mississippi","Golden Eagles",2014,"university-of-southern-mississippi-fy2014.pdf",12317,2215329,5948981,0,2990183,474309,2697918,1448527,0,95983,23536254,7761007,23536254,9413473,0.399956,3464492,0.147198,0,-9413473,14122781,2215329,5948981,0,2990183,474309,2697918,1448527,0,95983,23536254,7761007,23536254,9413473,0.399956,3464492,0.147198,0,-9413473,14122781,6980
228796,"The University of Texas at El Paso","University of Texas at El Paso","Conference USA","El Paso","Texas","Miners",2014,"university-of-texas-at-el-paso-fy2014.pdf",14241,2326459,5429023,0,6494733,3093032,3065707,1516299,376929,123290,28645661,6720408,28521887,15016788,0.524226,9587765,0.334702,123774,-14893014,13628873,2326459,5429023,0,6494733,3093032,3065707,1516299,376929,123290,28645661,6720408,28521887,15016788,0.524226,9587765,0.334702,123774,-14893014,13628873,7059
157951,"Western Kentucky University","Western Kentucky University","Conference USA","Bowling Green","Kentucky","Hilltoppers and Lady Toppers",2014,"western-kentucky-fy2014.pdf",14315,2054360,4029476,0,10258007,1470952,1355089,1263055,0,138792,27716031,7285092,27716031,15758435,0.568568,11728959,0.423183,0,-15758435,11957596,2054360,4029476,0,10258007,1470952,1355089,1263055,0,138792,27716031,7285092,27716031,15758435,0.568568,11728959,0.423183,0,-15758435,11957596,9140
202134,"Cleveland State University","Cleveland State University","Horizon League","Cleveland","Ohio","Vikings",2014,"cleveland-state-fy2014.pdf",10825,274739,9346537,0,281446,0,414927,246714,0,87658,11446911,882548,11446911,9627983,0.841099,281446,0.0245871,0,-9627983,1818928,274739,9346537,0,281446,0,414927,246714,0,87658,11446911,882548,11446911,9627983,0.841099,281446,0.0245871,0,-9627983,1818928,9686
145600,"University of Illinois at Chicago","University of Illinois at Chicago","Horizon League","Chicago","Illinois","Flames",2014,"university-of-hawaii-at-manoa-fy2014.pdf",23239,486805,7324959,384332,4204988,495796,545552,490797,0,227471,21187176,7253947,20871153,12410075,0.585735,4700784,0.221869,316023,-12094052,8777101,486805,7324959,384332,4204988,495796,545552,490797,0,227471,21187176,7253947,20871153,12410075,0.585735,4700784,0.221869,316023,-12094052,8777101,13634
171571,"Oakland University","Oakland University","Horizon League","Rochester","Michigan","Golden Grizzlies",2014,"oakland-fy2014.pdf",13863,142588,0,0,9037076,303310,538372,230480,0,3000,11891893,1640067,11537425,9340386,0.785441,9340386,0.785441,354468,-8985918,2551507,142588,0,0,9037076,303310,538372,230480,0,3000,11891893,1640067,11537425,9340386,0.785441,9340386,0.785441,354468,-8985918,2551507,10613
240277,"University of Wisconsin-Green Bay","University of Wisconsin at Green Bay","Horizon League","Green Bay","Wisconsin","Phoenix",2014,"university-of-wisconsin-green-bay-fy2014.pdf",4388,964999,1304495,247500,3086900,359044,621108,716776,6000,57747,8823409,1522587,8853983,4997939,0.566441,3445944,0.390546,-30574,-5028513,3825470,964999,1304495,247500,3086900,359044,621108,716776,6000,57747,8823409,1522587,8853983,4997939,0.566441,3445944,0.390546,-30574,-5028513,3825470,7758
206604,"Wright State University-Main Campus","Wright State University","Horizon League","Fairborn","Ohio","Raiders",2014,"wright-state-fy2014.pdf",12900,271561,0,18613,8399174,0,366605,411910,0,0,10710593,1242730,11236512,8417787,0.785931,8399174,0.784193,-525919,-8943706,2292806,271561,0,18613,8399174,0,366605,411910,0,0,10710593,1242730,11236512,8417787,0.785931,8399174,0.784193,-525919,-8943706,2292806,8730
206695,"Youngstown State University","Youngstown State University","Horizon League","Youngstown","Ohio","Penguins",2014,"youngstown-state-fy2014.pdf",10038,539682,0,0,10085921,0,809923,210190,54976,244772,14385066,2739350,14385066,10085921,0.701138,10085921,0.701138,0,-10085921,4299145,539682,0,0,10085921,0,809923,210190,54976,244772,14385066,2739350,14385066,10085921,0.701138,10085921,0.701138,0,-10085921,4299145,8327
185828,"New Jersey Institute of Technology","New Jersey Institute of Technology","Independent","Newark","New Jersey","Highlanders",2014,"new-jersey-institute-of-technology-fy2014.pdf",7305,7418,2283329,0,6662688,2953203,489279,817,0,127796,13136737,740003,12482364,11899220,0.905797,9615891,0.731985,654373,-11244847,1237517,7418,2283329,0,6662688,2953203,489279,817,0,127796,13136737,740003,12482364,11899220,0.905797,9615891,0.731985,654373,-11244847,1237517,15648
200800,"University of Akron Main Campus","University of Akron","Mid-American Conference","Akron","Ohio","Zips",2014,"university-of-akron-fy2014.pdf",18340,1687563,0,0,22654017,0,2538667,971746,0,196853,32774266,4922273,32050686,22654017,0.691214,22654017,0.691214,723580,-21930437,10120249,1687563,0,0,22654017,0,2538667,971746,0,196853,32774266,4922273,32050686,22654017,0.691214,22654017,0.691214,723580,-21930437,10120249,10320
150136,"Ball State University","Ball State University","Mid-American Conference","Muncie","Indiana","Cardinals",2014,"ball-state-fy2014.pdf",16588,1018482,11237600,0,4759768,1399962,1899703,721138,6267,0,23424359,2387706,25245450,17397330,0.742702,6159730,0.262963,-1821091,-19218421,6027029,1018482,11237600,0,4759768,1399962,1899703,721138,6267,0,23424359,2387706,25245450,17397330,0.742702,6159730,0.262963,-1821091,-19218421,6027029,9344
201441,"Bowling Green State University-Main Campus","Bowling Green State University, Main Campus","Mid-American Conference","Bowling Green","Ohio","Falcons",2014,"bowling-green-state-fy2014.pdf",14764,1912792,12718603,0,0,2003838,1957702,661333,0,204494,23469664,4215396,23306965,14722441,0.627297,2003838,0.0853799,162699,-14559742,8747223,1912792,12718603,0,0,2003838,1957702,661333,0,204494,23469664,4215396,23306965,14722441,0.627297,2003838,0.0853799,162699,-14559742,8747223,10726
196088,"University at Buffalo","University at Buffalo","Mid-American Conference","Buffalo","New York","Bulls",2014,"university-at-buffalo-fy2014.pdf",24816,1285778,8168727,0,13581712,2228622,2505034,793685,0,156407,31277980,2714422,31134149,23979061,0.766644,15810334,0.505478,143831,-23835230,7298919,1285778,8168727,0,13581712,2228622,2505034,793685,0,156407,31277980,2714422,31134149,23979061,0.766644,15810334,0.505478,143831,-23835230,7298919,8871
169248,"Central Michigan University","Central Michigan University","Mid-American Conference","Mount Pleasant","Michigan","Chippewas",2014,"central-michigan-fy2014.pdf",19653,691173,0,0,21605613,0,932564,265700,29379,859169,29281777,5786727,29281777,21605613,0.737852,21605613,0.737852,0,-21605613,7676164,691173,0,0,21605613,0,932564,265700,29379,859169,29281777,5786727,29281777,21605613,0.737852,21605613,0.737852,0,-21605613,7676164,11550
169798,"Eastern Michigan University","Eastern Michigan University","Mid-American Conference","Ypsilanti","Michigan","Eagles",2014,"eastern-michigan-fy2014.pdf",14493,148738,1572843,0,17136124,6374741,2250161,3363,0,50601,30081523,2595553,30081523,25083708,0.833858,23510865,0.781572,0,-25083708,4997815,148738,1572843,0,17136124,6374741,2250161,3363,0,50601,30081523,2595553,30081523,25083708,0.833858,23510865,0.781572,0,-25083708,4997815,9663
203517,"Kent State University at Kent","Kent State University at Kent (Ohio)","Mid-American Conference","Kent","Ohio","Golden Flashes",2014,"kent-state-fy2014.pdf",21737,486944,13982690,0,4937306,119683,1061798,432289,3540,0,24932694,3911984,24982288,19039679,0.763643,5056989,0.202826,-49594,-19089273,5893015,486944,13982690,0,4937306,119683,1061798,432289,3540,0,24932694,3911984,24982288,19039679,0.763643,5056989,0.202826,-49594,-19089273,5893015,10012
204024,"Miami University-Oxford","Miami University (Ohio)","Mid-American Conference","Oxford","Ohio","Redhawks",2014,"miami-fy2014.pdf",16038,1210725,15735046,2890,5349805,27384,1291660,618431,0,226382,29393128,5157187,28712466,21115125,0.718369,5377189,0.18294,680662,-20434463,8278003,1210725,15735046,2890,5349805,27384,1291660,618431,0,226382,29393128,5157187,28712466,21115125,0.718369,5377189,0.18294,680662,-20434463,8278003,14287
147703,"Northern Illinois University","Northern Illinois University","Mid-American Conference","DeKalb","Illinois","Huskies",2014,"northern-illinois-fy2014.xlsx",16053,1097519,9101311,0,5903906,3334196,2527831,630113,0,205358,27007053,4412177,26130115,18339413,0.67906,9238102,0.342063,876938,-17462475,8667640,1097519,9101311,0,5903906,3334196,2527831,630113,0,205358,27007053,4412177,26130115,18339413,0.67906,9238102,0.342063,876938,-17462475,8667640,11992
204857,"Ohio University-Main Campus","Ohio University","Mid-American Conference","Athens","Ohio","Bobcats",2014,"ohio-fy2014.pdf",19449,1452846,16046712,0,0,2407059,2054820,1357110,0,146531,27720000,4401453,27298719,18453771,0.66572,2407059,0.0868347,421281,-18032490,9266229,1452846,16046712,0,0,2407059,2054820,1357110,0,146531,27720000,4401453,27298719,18453771,0.66572,2407059,0.0868347,421281,-18032490,9266229,10602
206084,"University of Toledo","University of Toledo","Mid-American Conference","Toledo","Ohio","Rockets",2014,"university-of-toledo-fy2014.pdf",16179,1420986,10504815,0,0,2435894,1312119,1182506,0,0,22559175,5702855,26304331,12940709,0.573634,2435894,0.107978,-3745156,-16685865,9618466,1420986,10504815,0,0,2435894,1312119,1182506,0,0,22559175,5702855,26304331,12940709,0.573634,2435894,0.107978,-3745156,-16685865,9618466,9463
172699,"Western Michigan University","Western Michigan University","Mid-American Conference","Kalamazoo","Michigan","Broncos",2014,"western-michigan-fy2014.pdf",17042,1535424,0,0,16863785,3164166,1871943,1362493,0,190321,28927072,4129261,30113764,20027951,0.69236,20027951,0.69236,-1186692,-21214643,8899121,1535424,0,0,16863785,3164166,1871943,1362493,0,190321,28927072,4129261,30113764,20027951,0.69236,20027951,0.69236,-1186692,-21214643,8899121,10685
162283,"Coppin State University","Coppin State University","Mid-Eastern Athletic Conference","Baltimore","Maryland","Eagles",2014,"coppin-state-fy2014.pdf",2384,17460,2144258,0,323612,0,46877,0,0,0,3304284,772077,3953265,2467870,0.74687,323612,0.0979371,-648981,-3116851,836414,17460,2144258,0,323612,0,46877,0,0,0,3304284,772077,3953265,2467870,0.74687,323612,0.0979371,-648981,-3116851,836414,6132
163453,"Morgan State University","Morgan State University","Mid-Eastern Athletic Conference","Baltimore","Maryland","Bears and Lady Bears",2014,"morgan-state-fy2014.docx",6101,144554,7740774,12235,0,0,312483,12764,0,0,9275151,1052341,10187400,7753009,0.83589,0,0,-912249,-8665258,1522142,144554,7740774,12235,0,0,312483,12764,0,0,9275151,1052341,10187400,7753009,0.83589,0,0,-912249,-8665258,1522142,7378
232937,"Norfolk State University","Norfolk State University","Mid-Eastern Athletic Conference","Norfolk","Virginia","Spartans",2014,"norfolk-state-fy2014.pdf",5428,488512,9613812,0,0,0,865450,0,0,0,12134981,1167207,12823816,9613812,0.79224,0,0,-688835,-10302647,2521169,488512,9613812,0,0,0,865450,0,0,0,12134981,1167207,12823816,9613812,0.79224,0,0,-688835,-10302647,2521169,7552
199102,"North Carolina A & T State University","North Carolina Agricultural and Technical State University","Mid-Eastern Athletic Conference","Greensboro","North Carolina","Aggies",2014,"north-carolina-agricultural-and-state-fy2014.pdf",9086,818161,6132790,0,993107,1272840,538214,288571,0,48115,11383506,1339823,11808863,8398737,0.737799,2265947,0.199055,-425357,-8824094,2984769,818161,6132790,0,993107,1272840,538214,288571,0,48115,11383506,1339823,11808863,8398737,0.737799,2265947,0.199055,-425357,-8824094,2984769,5642
199157,"North Carolina Central University","North Carolina Central University","Mid-Eastern Athletic Conference","Durham","North Carolina","Eagles",2014,"north-carolina-central-fy2014.pdf",6550,360376,4794357,0,2924508,0,846609,108319,0,0,10629060,1594891,10703763,7718865,0.726204,2924508,0.275143,-74703,-7793568,2910195,360376,4794357,0,2924508,0,846609,108319,0,0,10629060,1594891,10703763,7718865,0.726204,2924508,0.275143,-74703,-7793568,2910195,5525
140960,"Savannah State University","Savannah State University","Mid-Eastern Athletic Conference","Savannah","Georgia","Tigers and Lady Tigers",2014,"savannah-state-fy2014.pdf",4221,170506,2854622,0,300147,887691,175034,4500,4508,0,6033864,1641364,6345251,4042460,0.669962,1187838,0.196862,-311387,-4353847,1991404,170506,2854622,0,300147,887691,175034,4500,4508,0,6033864,1641364,6345251,4042460,0.669962,1187838,0.196862,-311387,-4353847,1991404,6474
218733,"South Carolina State University","South Carolina State University","Mid-Eastern Athletic Conference","Orangeburg","South Carolina","Bulldogs and Lady Bulldogs",2014,"south-carolina-state-fy2014.pdf",2945,986958,307070,0,6328782,0,438493,0,0,0,9816895,1755592,9816895,6635852,0.675962,6328782,0.644683,0,-6635852,3181043,986958,307070,0,6328782,0,438493,0,0,0,9816895,1755592,9816895,6635852,0.675962,6328782,0.644683,0,-6635852,3181043,10088
145813,"Illinois State University","Illinois State University","Missouri Valley Conference","Normal","Illinois","Redbirds",2014,"illinois-state-fy2014.pdf",17864,1468299,9116596,0,5996189,0,1407048,1044175,44800,0,21587420,2555113,21339412,15112785,0.700074,5996189,0.277763,248008,-14864777,6474635,1468299,9116596,0,5996189,0,1407048,1044175,44800,0,21587420,2555113,21339412,15112785,0.700074,5996189,0.277763,248008,-14864777,6474635,12830
151324,"Indiana State University","Indiana State University","Missouri Valley Conference","Terre Haute","Indiana","Sycamores",2014,"indiana-state-fy2014.pdf",10068,579276,8275953,0,1013848,785996,717335,256813,0,43403,13847014,2217793,13727928,10075797,0.727651,1799844,0.129981,119086,-9956711,3771217,579276,8275953,0,1013848,785996,717335,256813,0,43403,13847014,2217793,13727928,10075797,0.727651,1799844,0.129981,119086,-9956711,3771217,8416
179566,"Missouri State University-Springfield","Missouri State University","Missouri Valley Conference","Springfield","Missouri","Bears and Lady Bears",2014,"missouri-state-fy2014.pdf",15407,1252044,0,0,8965530,0,856848,161473,0,268591,15105167,3869272,15105167,8965530,0.593541,8965530,0.593541,0,-8965530,6139637,1252044,0,0,8965530,0,856848,161473,0,268591,15105167,3869272,15105167,8965530,0.593541,8965530,0.593541,0,-8965530,6139637,7008
154095,"University of Northern Iowa","University of Northern Iowa","Missouri Valley Conference","Cedar Falls","Iowa","Panthers",2014,"university-of-northern-iowa-fy2014.pdf",9968,1236252,1749440,0,4371959,2343082,1019039,1227410,0,604018,16966524,5019342,18103940,8464481,0.498893,6715041,0.395782,-1137416,-9601897,8502043,1236252,1749440,0,4371959,2343082,1019039,1227410,0,604018,16966524,5019342,18103940,8464481,0.498893,6715041,0.395782,-1137416,-9601897,8502043,7749
149222,"Southern Illinois University-Carbondale","Southern Illinois University at Carbondale","Missouri Valley Conference","Carbondale","Illinois","Salukis",2014,"southern-illinois-carbondale-fy2014.xlsx",14478,1378055,8527026,0,3701664,1423294,1233725,1522602,0,37651,21847326,4060960,25010146,13651984,0.624881,5124958,0.234581,-3162820,-16814804,8195342,1378055,8527026,0,3701664,1423294,1233725,1522602,0,37651,21847326,4060960,25010146,13651984,0.624881,5124958,0.234581,-3162820,-16814804,8195342,12251
156125,"Wichita State University","Wichita State University","Missouri Valley Conference","Wichita","Kansas","Shockers",2014,"wichita-state-fy2014.pdf",10184,4040772,3110501,0,2756547,1647188,848026,2056377,306292,143651,24481122,10021711,23514736,7514236,0.30694,4403735,0.179883,966386,-6547850,16966886,4040772,3110501,0,2756547,1647188,848026,2056377,306292,143651,24481122,10021711,23514736,7514236,0.30694,4403735,0.179883,966386,-6547850,16966886,7265
142115,"Boise State University","Boise State University","Mountain West Conference","Boise","Idaho","Broncos",2014,"boise-state-fy2014.pdf",13264,8427884,3416104,2515800,3892766,1974714,4763331,4677490,1691,0,45706336,16038247,45680801,11799384,0.258156,5867480,0.128373,25535,-11773849,33906952,8427884,3416104,2515800,3892766,1974714,4763331,4677490,1691,0,45706336,16038247,45680801,11799384,0.258156,5867480,0.128373,25535,-11773849,33906952,6641
110556,"California State University-Fresno","California State University at Fresno","Mountain West Conference","Fresno","California","Bulldogs",2014,"csu-fresno-fy2014.pdf",19511,7891714,4213670,0,7128557,1759023,5047091,3191754,0,148205,36038183,6806374,36436560,13101250,0.363538,8887580,0.246616,-398377,-13499627,22936933,7891714,4213670,0,7128557,1759023,5047091,3191754,0,148205,36038183,6806374,36436560,13101250,0.363538,8887580,0.246616,-398377,-13499627,22936933,6298
126818,"Colorado State University-Fort Collins","Colorado State University at Fort Collins","Mountain West Conference","Fort Collins","Colorado","Rams",2014,"colorado-state-fy2014.pdf",23371,3342818,5264541,0,12360358,2404465,3230775,2330419,0,75595,38739665,9806289,36944157,20029364,0.517025,14764823,0.381129,1795508,-18233856,18710301,3342818,5264541,0,12360358,2404465,3230775,2330419,0,75595,38739665,9806289,36944157,20029364,0.517025,14764823,0.381129,1795508,-18233856,18710301,9897
182281,"University of Nevada-Las Vegas","University of Nevada at Las Vegas","Mountain West Conference","Paradise","Nevada","Rebels",2014,"university-of-nevada-las-vegas-fy2014.pdf",18795,5627480,2626923,7038125,2292191,7826035,3650818,3089610,0,203223,44057560,11906378,44467342,19783274,0.449032,10118226,0.229659,-409782,-20193056,24274286,5627480,2626923,7038125,2292191,7826035,3650818,3089610,0,203223,44057560,11906378,44467342,19783274,0.449032,10118226,0.229659,-409782,-20193056,24274286,6590
182290,"University of Nevada-Reno","University of Nevada at Reno","Mountain West Conference","Reno","Nevada","Wolf Pack",2014,"university-of-nevada-at-reno-fy2014.pdf",14208,3957254,2467011,4965230,1485071,1767831,3181471,1053352,400000,333423,27324338,8447118,27734777,10685143,0.391049,3252902,0.119048,-410439,-11095582,16639195,3957254,2467011,4965230,1485071,1767831,3181471,1053352,400000,333423,27324338,8447118,27734777,10685143,0.391049,3252902,0.119048,-410439,-11095582,16639195,6639
187985,"University of New Mexico-Main Campus","University of New Mexico","Mountain West Conference","Albuquerque","New Mexico","Lobos",2014,"university-of-new-mexico-fy2014.pdf",20668,6769173,4000000,2592400,2853397,7793675,4072744,5670357,32715,331935,47199769,13448023,47223319,17239472,0.365245,10647072,0.225575,-23550,-17263022,29960297,6769173,4000000,2592400,2853397,7793675,4072744,5670357,32715,331935,47199769,13448023,47223319,17239472,0.365245,10647072,0.225575,-23550,-17263022,29960297,6447
122755,"San Jose State University","San Jose State University","Mountain West Conference","San Jose","California","Spartans",2014,"san-jose-state-fy2014.pdf",24196,1483717,7847970,0,9776195,652517,2233887,603900,722975,257484,29666940,7068754,28065957,18276682,0.616062,10428712,0.351526,1600983,-16675699,11390258,1483717,7847970,0,9776195,652517,2233887,603900,722975,257484,29666940,7068754,28065957,18276682,0.616062,10428712,0.351526,1600983,-16675699,11390258,7323
230728,"Utah State University","Utah State University","Mountain West Conference","Logan","Utah","Aggies",2014,"utah-state-fy2014.pdf",16436,2438203,4027277,181525,8209899,1760844,3160254,512225,0,174852,25152919,4862692,25707325,14179545,0.563734,9970743,0.396405,-554406,-14733951,10973374,2438203,4027277,181525,8209899,1760844,3160254,512225,0,174852,25152919,4862692,25707325,14179545,0.563734,9970743,0.396405,-554406,-14733951,10973374,6384
240727,"University of Wyoming","University of Wyoming","Mountain West Conference","Laramie","Wyoming","Cowboys and Cowgirls",2014,"university-of-wyoming-fy2014.pdf",9743,3759013,1836843,0,13517412,743208,3891786,1309235,0,158674,32336367,7278870,32966973,16097463,0.497813,14260620,0.441009,-630606,-16728069,16238904,3759013,1836843,0,13517412,743208,3891786,1309235,0,158674,32336367,7278870,32966973,16097463,0.497813,14260620,0.441009,-630606,-16728069,16238904,4646
128771,"Central Connecticut State University","Central Connecticut State University","Northeast Conference","New Britain","Connecticut","Blue Devils",2014,"central-connecticut-state-fy2014.pdf",8208,66384,0,0,10428331,2531052,335837,254254,0,111100,14731018,1115160,14731018,12959383,0.879734,12959383,0.879734,0,-12959383,1771635,66384,0,0,10428331,2531052,335837,254254,0,111100,14731018,1115160,14731018,12959383,0.879734,12959383,0.879734,0,-12959383,1771635,8877
219602,"Austin Peay State University","Austin Peay State University","Ohio Valley Conference","Clarksville","Tennessee","Governors and Lady Govs",2014,"austin-peay-state-fy2014.pd",7150,155783,2084531,0,5166329,703888,667156,418291,0,488103,12091296,2895318,12698929,7954748,0.65789,5870217,0.485491,-607633,-8562381,4136548,155783,2084531,0,5166329,703888,667156,418291,0,488103,12091296,2895318,12698929,7954748,0.65789,5870217,0.485491,-607633,-8562381,4136548,7462
144892,"Eastern Illinois University","Eastern Illinois University","Ohio Valley Conference","Charleston","Illinois","Panthers",2014,"eastern-illinois-fy2014.pdf",8013,259134,1653088,0,7437959,433204,1307117,225080,0,59603,13275858,1960276,13074791,9524251,0.717411,7871163,0.592893,201067,-9323184,3751607,259134,1653088,0,7437959,433204,1307117,225080,0,59603,13275858,1960276,13074791,9524251,0.717411,7871163,0.592893,201067,-9323184,3751607,11108
156620,"Eastern Kentucky University","Eastern Kentucky University","Ohio Valley Conference","Richmond","Kentucky","Colonels and Lady Colonels",2014,"eastern-kentucky-fy2014.pdf",11651,275869,0,0,10432816,0,980918,133915,0,0,13033265,1209747,13033263,10432816,0.800476,10432816,0.800476,2,-10432814,2600449,275869,0,0,10432816,0,980918,133915,0,0,13033265,1209747,13033263,10432816,0.800476,10432816,0.800476,2,-10432814,2600449,8060
157386,"Morehead State University","Morehead State University","Ohio Valley Conference","Morehead","Kentucky","Eagles",2014,"morehead-state-fy2014.pdf",6472,134958,0,0,7982592,1359079,687848,73688,0,0,10833587,595422,10833587,9341671,0.862288,9341671,0.862288,0,-9341671,1491916,134958,0,0,7982592,1359079,687848,73688,0,0,10833587,595422,10833587,9341671,0.862288,9341671,0.862288,0,-9341671,1491916,7866
157401,"Murray State University","Murray State University","Ohio Valley Conference","Murray","Kentucky","Racers",2014,"murray-state-fy2014.pdf",7838,1151271,2914831,0,5247303,3074708,779407,667420,0,97289,17217807,3382867,15673736,11236842,0.652629,8322011,0.483337,1544071,-9692771,5980965,1151271,2914831,0,5247303,3074708,779407,667420,0,97289,17217807,3382867,15673736,11236842,0.652629,8322011,0.483337,1544071,-9692771,5980965,7392
179557,"Southeast Missouri State University","Southeast Missouri State University","Ohio Valley Conference","Cape Girardeau","Missouri","Redhawks",2014,"southeast-missouri-state-fy2014.pdf",8332,435878,1288179,0,6476680,456015,877686,210816,7000,861,11173471,1428217,11257184,8220874,0.735749,6932695,0.62046,-83713,-8304587,2952597,435878,1288179,0,6476680,456015,877686,210816,7000,861,11173471,1428217,11257184,8220874,0.735749,6932695,0.62046,-83713,-8304587,2952597,6938
149231,"Southern Illinois University-Edwardsville","Southern Illinois University at Edwardsville","Ohio Valley Conference","Edwardsville","Illinois","Cougars",2014,"southern-illinois-edwardsville-fy2014.pdf",10759,90495,4572377,0,2072432,100000,240790,253754,0,0,8515931,1186083,8289619,6744809,0.792023,2172432,0.255102,226312,-6518497,1771122,90495,4572377,0,2072432,100000,240790,253754,0,0,8515931,1186083,8289619,6744809,0.792023,2172432,0.255102,226312,-6518497,1771122,9738
221768,"The University of Tennessee-Martin","University of Tennessee at Martin","Ohio Valley Conference","Martin","Tennessee","Skyhawks",2014,"university-of-tennessee-at-martin-fy2014.pdf",5988,80664,1923262,0,5311256,0,537572,30600,0,0,9709378,1826024,9709378,7234518,0.745106,5311256,0.547023,0,-7234518,2474860,80664,1923262,0,5311256,0,537572,30600,0,0,9709378,1826024,9709378,7234518,0.745106,5311256,0.547023,0,-7234518,2474860,8024
221847,"Tennessee Technological University","Tennessee Technological University","Ohio Valley Conference","Cookeville","Tennessee","Golden Eagles",2014,"tennessee-technological-fy2014.pdf",9521,306382,4292050,0,5214900,1672948,764918,437927,10000,414778,14562733,1873608,13634913,11179898,0.767706,6887848,0.472978,927820,-10252078,3382835,306382,4292050,0,5214900,1672948,764918,437927,10000,414778,14562733,1873608,13634913,11179898,0.767706,6887848,0.472978,927820,-10252078,3382835,8017
217864,"Citadel Military College of South Carolina","The Citadel","Southern Conference","Charleston","South Carolina","Bulldogs",2014,"the-citadel-fy2014.pdf",2668,854319,5631796,0,3695439,0,527845,419492,0,0,14144606,3015715,13613427,9327235,0.65942,3695439,0.261261,531179,-8796056,4817371,854319,5631796,0,3695439,0,527845,419492,0,0,14144606,3015715,13613427,9327235,0.65942,3695439,0.261261,531179,-8796056,4817371,12568
220075,"East Tennessee State University","East Tennessee State University","Southern Conference","Johnson City","Tennessee","Buccaneers and Lady Buccaneers",2014,"east-tennessee-state-fy2014.pdf",11577,342414,6787772,0,4777300,2506041,528805,569421,0,42617,17088793,1577040,14808421,14071113,0.823412,7283341,0.426206,2280372,-11790741,3017680,342414,6787772,0,4777300,2506041,528805,569421,0,42617,17088793,1577040,14808421,14071113,0.823412,7283341,0.426206,2280372,-11790741,3017680,7985
199148,"University of North Carolina at Greensboro","University of North Carolina at Greensboro","Southern Conference","Greensboro","North Carolina","Spartans",2014,"university-of-north-carolina-at-greensboro-fy2014.pdf",13858,259634,8750371,0,410000,2700000,482527,526417,0,24136,14646547,1517598,14509390,11860371,0.809772,3110000,0.212337,137157,-11723214,2786176,259634,8750371,0,410000,2700000,482527,526417,0,24136,14646547,1517598,14509390,11860371,0.809772,3110000,0.212337,137157,-11723214,2786176,6385
221740,"The University of Tennessee-Chattanooga","University of Tennessee at Chattanooga","Southern Conference","Chattanooga","Tennessee","Mocs and Lady Mocs",2014,"university-of-tennessee-at-chattanooga-fy2014.pdf",9676,796382,4908215,0,6759773,0,526462,422808,0,239917,16046057,2632417,16046057,11667988,0.727156,6759773,0.421273,0,-11667988,4378069,796382,4908215,0,6759773,0,526462,422808,0,239917,16046057,2632417,16046057,11667988,0.727156,6759773,0.421273,0,-11667988,4378069,8138
200004,"Western Carolina University","Western Carolina University","Southern Conference","Cullowhee","North Carolina","Catamounts",2014,"western-carolina-fy2014.pdf",7750,332396,5444083,0,1291187,846333,542095,352919,0,24517,11436428,2627415,11466187,7581603,0.662935,2137520,0.186905,-29759,-7611362,3854825,332396,5444083,0,1291187,846333,542095,352919,0,24517,11436428,2627415,11466187,7581603,0.662935,2137520,0.186905,-29759,-7611362,3854825,6531
106704,"University of Central Arkansas","University of Central Arkansas","Southland Conference","Conway","Arkansas","Bears and Sugar Bears",2014,"university-of-central-arkansas-fy2014.pdf",9045,426030,4838092,0,3897202,25000,917792,336088,0,35300,11750081,1309877,11498696,8760294,0.745552,3922202,0.333802,251385,-8508909,2989787,426030,4838092,0,3897202,25000,917792,336088,0,35300,11750081,1309877,11498696,8760294,0.745552,3922202,0.333802,251385,-8508909,2989787,7889
226091,"Lamar University","Lamar University","Southland Conference","Beaumont","Texas","Cardinals and Lady Cardinals",2014,"lamar-fy2014.pdf",7356,508829,4520335,0,7675426,231328,525514,468197,0,52988,16147857,2218228,15880006,12427089,0.769581,7906754,0.489647,267851,-12159238,3720768,508829,4520335,0,7675426,231328,525514,468197,0,52988,16147857,2218228,15880006,12427089,0.769581,7906754,0.489647,267851,-12159238,3720768,9361
159717,"McNeese State University","McNeese State University","Southland Conference","Lake Charles","Louisiana","Cowboys and Cowgirls",2014,"mcneese-state-fy2014.pdf",6307,1161426,638174,0,4303517,188506,882651,654733,2235,34,10926299,3097292,10911542,5130197,0.469527,4492023,0.41112,14757,-5115440,5796102,1161426,638174,0,4303517,188506,882651,654733,2235,34,10926299,3097292,10911542,5130197,0.469527,4492023,0.41112,14757,-5115440,5796102,6334
159939,"University of New Orleans","University of New Orleans","Southland Conference","New Orleans","Louisiana","Privateers",2014,"university-of-new-orleans-fy2014.pdf",6548,144447,1612539,0,0,112734,82524,159996,0,0,5224996,3112756,5365672,1725273,0.330196,112734,0.0215759,-140676,-1865949,3499723,144447,1612539,0,0,112734,82524,159996,0,0,5224996,3112756,5365672,1725273,0.330196,112734,0.0215759,-140676,-1865949,3499723,7482
159966,"Nicholls State University","Nicholls State University","Southland Conference","Thibodaux","Louisiana","Colonels",2014,"nicholls-state-fy2014.pdf",4947,168488,2273432,0,2239302,205524,418016,21642,1030,0,8113231,2786827,8102040,4718258,0.581551,2444826,0.301338,11191,-4707067,3394973,168488,2273432,0,2239302,205524,418016,21642,1030,0,8113231,2786827,8102040,4718258,0.581551,2444826,0.301338,11191,-4707067,3394973,7236
160038,"Northwestern State University of Louisiana","Northwestern State University","Southland Conference","Natchitoches","Louisiana","Demons and Lady Demons",2014,"northwestern-state-fy2014.pdf",5249,439038,731111,0,5872179,1021147,656191,604236,0,225033,11996507,2672605,11621515,7624437,0.635555,6893326,0.574611,374992,-7249445,4372070,439038,731111,0,5872179,1021147,656191,604236,0,225033,11996507,2672605,11621515,7624437,0.635555,6893326,0.574611,374992,-7249445,4372070,6807
227881,"Sam Houston State University","Sam Houston State University","Southland Conference","Huntsville","Texas","Bearkats",2014,"sam-houston-state-fy2014.pdf",14132,549529,7811718,0,2299294,518135,835825,496155,8153,244271,14892104,2381448,14412775,10629147,0.713744,2817429,0.189189,479329,-10149818,4262957,549529,7811718,0,2299294,518135,835825,496155,8153,244271,14892104,2381448,14412775,10629147,0.713744,2817429,0.189189,479329,-10149818,4262957,8932
228431,"Stephen F Austin State University","Stephen F. Austin State University","Southland Conference","Nacogdoches","Texas","Lumberjacks and Ladyjacks",2014,"stephen-f-austin-state-fy2014.pdf",9895,265441,1281000,0,10865031,1218706,512379,167267,150,13461,15697105,1387281,15924910,13364737,0.851414,12083737,0.769807,-227805,-13592542,2332368,265441,1281000,0,10865031,1218706,512379,167267,150,13461,15697105,1387281,15924910,13364737,0.851414,12083737,0.769807,-227805,-13592542,2332368,8892
224147,"Texas A & M University-Corpus Christi","Texas A&M University at Corpus Christi","Southland Conference","Corpus Christi","Texas","Islanders",2014,"texas-a_m-corpus-christi-fy2014.pdf",7841,162680,5499061,0,2213696,887509,229444,299772,0,1487,10540420,1248258,10272816,8600266,0.815932,3101205,0.29422,267604,-8332662,1940154,162680,5499061,0,2213696,887509,229444,299772,0,1487,10540420,1248258,10272816,8600266,0.815932,3101205,0.29422,267604,-8332662,1940154,8287
175342,"Alcorn State University","Alcorn State University","Southwestern Athletic Conference","Lorman","Mississippi","Braves and Lady Braves",2014,"alcorn-state-fy2014.pdf",2917,200151,1233571,1300000,2287949,508180,67000,0,0,0,6340123,743272,6601425,5329700,0.84063,2796129,0.441021,-261302,-5591002,1010423,200151,1233571,1300000,2287949,508180,67000,0,0,0,6340123,743272,6601425,5329700,0.84063,2796129,0.441021,-261302,-5591002,1010423,6192
106412,"University of Arkansas at Pine Bluff","University of Arkansas at Pine Bluff","Southwestern Athletic Conference","Pine Bluff","Arkansas","Golden Lions",2014,"university-of-arkansas-at-pine-bluff-fy2014.pdf",2328,378373,952738,0,4374006,711132,262863,67000,0,0,7785707,1039595,7816300,6037876,0.775508,5085138,0.653138,-30593,-6068469,1747831,378373,952738,0,4374006,711132,262863,67000,0,0,7785707,1039595,7816300,6037876,0.775508,5085138,0.653138,-30593,-6068469,1747831,5956
159009,"Grambling State University","Grambling State University","Southwestern Athletic Conference","Grambling","Louisiana","Tigers and Lady Tigers",2014,"grambling-state-fy2014.pdf",4325,744976,0,0,2920597,0,221575,90468,0,0,5389368,1411752,7311320,2920597,0.541918,2920597,0.541918,-1921952,-4842549,2468771,744976,0,0,2920597,0,221575,90468,0,0,5389368,1411752,7311320,2920597,0.541918,2920597,0.541918,-1921952,-4842549,2468771,6525
176044,"Mississippi Valley State University","Mississippi Valley State University","Southwestern Athletic Conference","Itta Bena","Mississippi","Delta Devils and Devilettes",2014,"mississippi-valley-state-fy2014.pdf",1711,181383,769574,0,1402654,0,267200,0,0,0,3952319,1331508,3952319,2172228,0.549608,1402654,0.354894,0,-2172228,1780091,181383,769574,0,1402654,0,267200,0,0,0,3952319,1331508,3952319,2172228,0.549608,1402654,0.354894,0,-2172228,1780091,5916
227526,"Prairie View A & M University","Prairie View A&M University","Southwestern Athletic Conference","Prairie View","Texas","Panthers and Lady Panthers",2014,"prairie-view-a_m-fy2014.pdf",6828,294600,2072578,0,5388425,811434,597153,294820,0,8765,10761388,1302378,10541202,8272437,0.768715,6199859,0.576121,220186,-8052251,2488951,294600,2072578,0,5388425,811434,597153,294820,0,8765,10761388,1302378,10541202,8272437,0.768715,6199859,0.576121,220186,-8052251,2488951,8638
160621,"Southern University and A & M College","Southern University","Southwestern Athletic Conference","Baton Rouge","Louisiana","Jaguars and Lady Jaguars",2014,"southern-fy2014.pdf",5641,1958960,2622692,0,2448393,0,386065,1580543,0,0,10153053,1156400,9237128,5071085,0.499464,2448393,0.241148,915925,-4155160,5081968,1958960,2622692,0,2448393,0,386065,1580543,0,0,10153053,1156400,9237128,5071085,0.499464,2448393,0.241148,915925,-4155160,5081968,6534
197869,"Appalachian State University","Appalachian State University","Sun Belt Conference","Boone","North Carolina","Mountaineers",2014,"appalachian-state-fy2014.pdf",16021,1951631,9260876,0,600000,423111,1128683,1006425,69238,0,19414754,5044028,19320283,10283987,0.5297,1023111,0.0526976,94471,-10189516,9130767,1951631,9260876,0,600000,423111,1128683,1006425,69238,0,19414754,5044028,19320283,10283987,0.5297,1023111,0.0526976,94471,-10189516,9130767,6553
106245,"University of Arkansas at Little Rock","University of Arkansas at Little Rock","Sun Belt Conference","Little Rock","Arkansas","Trojans",2014,"university-of-arkansas-at-little-rock-fy2014.pdf",6632,450204,4202794,0,1992875,0,610184,657237,0,58357,9584293,1670999,9151451,6195669,0.64644,1992875,0.207931,432842,-5762827,3388624,450204,4202794,0,1992875,0,610184,657237,0,58357,9584293,1670999,9151451,6195669,0.64644,1992875,0.207931,432842,-5762827,3388624,7934
106458,"Arkansas State University-Main Campus","Arkansas State University at Jonesboro","Sun Belt Conference","Jonesboro","Arkansas","Red Wolves",2014,"arkansas-state-fy2014.pdf",8384,1455252,4629080,0,6013261,0,1664389,644444,0,191572,20151793,5745367,20151793,10642341,0.528109,6013261,0.298398,0,-10642341,9509452,1455252,4629080,0,6013261,0,1664389,644444,0,191572,20151793,5745367,20151793,10642341,0.528109,6013261,0.298398,0,-10642341,9509452,7720
139931,"Georgia Southern University","Georgia Southern University","Sun Belt Conference","Statesboro","Georgia","Eagles and Lady Eagles",2014,"georgia-southern-fy2014.pdf",16767,1086185,9542787,0,4007399,0,337489,2114899,16742,0,18929350,1840591,18109721,13550186,0.715829,4007399,0.211703,819629,-12730557,5379164,1086185,9542787,0,4007399,0,337489,2114899,16742,0,18929350,1840591,18109721,13550186,0.715829,4007399,0.211703,819629,-12730557,5379164,7190
139940,"Georgia State University","Georgia State University","Sun Belt Conference","Atlanta","Georgia","Panthers",2014,"georgia-state-fy2014.pdf",23677,654347,17598102,0,1787288,1307327,1708197,726961,0,0,27093316,3311094,27488640,20692717,0.763757,3094615,0.114221,-395324,-21088041,6400599,654347,17598102,0,1787288,1307327,1708197,726961,0,0,27093316,3311094,27488640,20692717,0.763757,3094615,0.114221,-395324,-21088041,6400599,10240
160658,"University of Louisiana at Lafayette","University of Louisiana at Lafayette","Sun Belt Conference","Lafayette","Louisiana","Ragin' Cajuns",2014,"university-of-illinois-at-chicago-fy2014.pdf",13221,3529934,0,0,5587689,61704,1985045,970306,41435,32302,21297114,9162436,21542643,5649393,0.265266,5649393,0.265266,-245529,-5894922,15647721,3529934,0,0,5587689,61704,1985045,970306,41435,32302,21297114,9162436,21542643,5649393,0.265266,5649393,0.265266,-245529,-5894922,15647721,6949
102094,"University of South Alabama","University of South Alabama","Sun Belt Conference","Mobile","Alabama","Jaguars",2014,"university-of-south-alabama-fy2014.pdf",12028,1406241,7842498,0,10040667,0,1470004,473726,0,0,23091728,1858592,22960759,17883165,0.77444,10040667,0.434817,130969,-17752196,5208563,1406241,7842498,0,10040667,0,1470004,473726,0,0,23091728,1858592,22960759,17883165,0.77444,10040667,0.434817,130969,-17752196,5208563,8610
228769,"The University of Texas at Arlington","University of Texas at Arlington","Sun Belt Conference","Arlington","Texas","Mavericks",2014,"university-of-texas-at-arlington-fy2014.pdf",19318,199548,5279103,0,3721298,1152445,433793,132062,0,43634,11781630,863381,13068075,10152846,0.861752,4873743,0.413673,-1286445,-11439291,1628784,199548,5279103,0,3721298,1152445,433793,132062,0,43634,11781630,863381,13068075,10152846,0.861752,4873743,0.413673,-1286445,-11439291,1628784,8878
228459,"Texas State University","Texas State University at San Marcos","Sun Belt Conference","San Marcos","Texas","Bobcats",2014,"texas-state-fy2014.pdf",28185,859860,16949255,0,6621548,0,1274588,1065114,0,61616,32190191,5419826,28378049,23570803,0.732236,6621548,0.205701,3812142,-19758661,8619388,859860,16949255,0,6621548,0,1274588,1065114,0,61616,32190191,5419826,28378049,23570803,0.732236,6621548,0.205701,3812142,-19758661,8619388,9516
102368,"Troy University","Troy University","Sun Belt Conference","Troy","Alabama","Trojans",2014,"troy-fy2014.pdf",10334,463063,1014429,0,10902409,5918134,1241162,137029,0,0,24628741,4952515,24628741,17834972,0.724153,16820543,0.682964,0,-17834972,6793769,463063,1014429,0,10902409,5918134,1241162,137029,0,0,24628741,4952515,24628741,17834972,0.724153,16820543,0.682964,0,-17834972,6793769,9680
151102,"Indiana University-Purdue University-Fort Wayne","Indiana University-Purdue University at Fort Wayne","The Summit League","Fort Wayne","Indiana","Mastodons",2014,"indiana-purdue-fort-wayne-fy2014.pdf",7537,110841,1787267,0,3283638,358000,474258,181842,0,136620,7393037,1197191,7629868,5428905,0.734327,3641638,0.492577,-236831,-5665736,1964132,110841,1787267,0,3283638,358000,474258,181842,0,136620,7393037,1197191,7629868,5428905,0.734327,3641638,0.492577,-236831,-5665736,1964132,7949
151111,"Indiana University-Purdue University-Indianapolis","Indiana University-Purdue University at Indianapolis","The Summit League","Indianapolis","Indiana","Jaguars",2014,"indiana-purdue-indianapolis-fy2014.pdf",21097,46174,3093396,0,3954823,136368,418028,213909,0,0,8179405,316707,8350718,7184587,0.878375,4091191,0.500182,-171313,-7355900,994818,46174,3093396,0,3954823,136368,418028,213909,0,0,8179405,316707,8350718,7184587,0.878375,4091191,0.500182,-171313,-7355900,994818,8909
181394,"University of Nebraska at Omaha","University of Nebraska at Omaha","The Summit League","Omaha","Nebraska","Mavericks",2014,"university-of-nebraska-omaha-fy2014.pdf",10374,2057133,1285944,0,5932341,2025356,40845,562918,0,0,13693874,1789337,13693874,9243641,0.67502,7957697,0.581114,0,-9243641,4450233,2057133,1285944,0,5932341,2025356,40845,562918,0,0,13693874,1789337,13693874,9243641,0.67502,7957697,0.581114,0,-9243641,4450233,6632
200332,"North Dakota State University-Main Campus","North Dakota State University","The Summit League","Fargo","North Dakota","Bison",2014,"north-dakota-state-fy2014.pdf",11798,3745595,1136761,2588180,4269109,0,1000591,1539931,0,309530,20712638,6432471,20618838,7994050,0.38595,4269109,0.206111,93800,-7900250,12718588,3745595,1136761,2588180,4269109,0,1000591,1539931,0,309530,20712638,6432471,20618838,7994050,0.38595,4269109,0.206111,93800,-7900250,12718588,7820
219471,"University of South Dakota","University of South Dakota","The Summit League","Vermillion","South Dakota","Coyotes",2014,"university-of-south-dakota-fy2014.pdf",6031,491217,1540890,0,6356551,2800192,189128,627984,0,115410,14879307,2873345,14686675,10697633,0.71896,9156743,0.615401,192632,-10505001,4181674,491217,1540890,0,6356551,2800192,189128,627984,0,115410,14879307,2873345,14686675,10697633,0.71896,9156743,0.615401,192632,-10505001,4181674,8022
219356,"South Dakota State University","South Dakota State University","The Summit League","Brookings","South Dakota","Jackrabbits",2014,"south-dakota-state-fy2014.pdf",9146,1454928,2516172,515197,4717474,758070,1578637,1650212,45929,298923,15617366,2426676,15700589,8506913,0.544709,5475544,0.350606,-83223,-8590136,7110453,1454928,2516172,515197,4717474,758070,1578637,1650212,45929,298923,15617366,2426676,15700589,8506913,0.544709,5475544,0.350606,-83223,-8590136,7110453,7713
149772,"Western Illinois University","Western Illinois University","The Summit League","Macomb","Illinois","Leathernecks",2014,"western-illinois-fy2014.pdf",9605,126439,3855594,47000,4877844,338457,1089023,122660,0,36291,12098077,1641060,13025873,9118895,0.753747,5216301,0.431168,-927796,-10046691,2979182,126439,3855594,47000,4877844,338457,1089023,122660,0,36291,12098077,1641060,13025873,9118895,0.753747,5216301,0.431168,-927796,-10046691,2979182,11283
178402,"University of Missouri-Kansas City","University of Missouri at Kansas City","Western Athletic Conference","Kansas City","Missouri","Kangaroos",2014,"university-of-massachusetts-at-amherst-fy2013.pdf",9917,98469,1229782,0,7986581,375712,217924,89472,0,9055,11467676,1469736,13904761,9592075,0.836445,8362293,0.729206,-2437085,-12029160,1875601,98469,1229782,0,7986581,375712,217924,89472,0,9055,11467676,1469736,13904761,9592075,0.836445,8362293,0.729206,-2437085,-12029160,1875601,9476
188030,"New Mexico State University-Main Campus","New Mexico State University at Las Cruces","Western Athletic Conference","Las Cruces","New Mexico","Aggies",2014,"new-mexico-state-fy2014.pdf",13006,1559403,3562370,3179200,9931602,3680029,1434401,2380071,0,46143,29287917,3560841,29513451,20353201,0.694935,13611631,0.464752,-225534,-20578735,8934716,1559403,3562370,3179200,9931602,3680029,1434401,2380071,0,46143,29287917,3560841,29513451,20353201,0.694935,13611631,0.464752,-225534,-20578735,8934716,6573
230737,"Utah Valley University","Utah Valley University","Western Athletic Conference","Orem","Utah","Wolverines",2014,"utah-valley-fy2014.png",15755,48416,4391352,0,3759311,1450756,699262,207633,NULL,6096,11191569,634839,10519095,9601419,0.857915,5210067,0.465535,672474,-8928945,1590150,48416,4391352,0,3759311,1450756,699262,207633,NULL,6096,11191569,634839,10519095,9601419,0.857915,5210067,0.465535,672474,-8928945,1590150,5270
100724,"Alabama State University","Alabama State University","Southwestern Athletic Conference","Montgomery","Alabama","Hornets and Lady Hornets",2014,"alabama-state-fy2014.pdf",5182,1401730,0,4000,10746355,0,790160,184750,0,0,14070309,943314,14070309,10750355,0.764045,10746355,0.763761,0,-10750355,3319954,1401730,0,4000,10746355,0,790160,184750,0,0,14070309,943314,14070309,10750355,0.764045,10746355,0.763761,0,-10750355,3319954,8720
110583,"California State University-Long Beach","California State University at Long Beach","Big West Conference","Long Beach","California","49ers",2014,"csu-long-beach-fy2014.pdf",28440,615629,3875779,0,5769506,982147,603282,163834,0,37785,16703611,4693434,16703391,10627432,0.636236,6751653,0.404203,220,-10627212,6076179,615629,3875779,0,5769506,982147,603282,163834,0,37785,16703611,4693434,16703391,10627432,0.636236,6751653,0.404203,220,-10627212,6076179,6452
163338,"University of Maryland Eastern Shore","University of Maryland-Eastern Shore","Mid-Eastern Athletic Conference","Princess Anne","Maryland","Hawks and Lady Hawks",2014,"university-of-maryland-eastern-shore-fy2014.pdf",3601,11448,2215660,0,2492853,0,224538,11029,0,0,5554601,599073,5554601,4708513,0.847678,2492853,0.448791,0,-4708513,846088,11448,2215660,0,2492853,0,224538,11029,0,0,5554601,599073,5554601,4708513,0.847678,2492853,0.448791,0,-4708513,846088,7287
